"","id","segmentId"
"1","C_21",5
"2","C_22",5
"3","C_23",5
"4","C_2640",7
"5","C_2641",7
"6","C_2656",7
"7","C_1553",9
"8","C_1554",9
"9","C_1558",9
"10","C_967",10
"11","C_968",10
"12","C_969",10
"13","C_1594",18
"14","C_1744",20
"15","C_4438",20
"16","C_4439",20
"17","C_4440",20
"18","C_4441",20
"19","C_4436",22
"20","C_4437",22
"21","C_1614",23
"22","C_1615",23
"23","C_1616",23
"24","C_1674",24
"25","C_1675",24
"26","C_1676",24
"27","C_1625",25
"28","C_1626",25
"29","C_1627",25
"30","C_1628",25
"31","C_1629",25
"32","C_1630",25
"33","C_1599",26
"34","C_1621",26
"35","C_1622",26
"36","C_1623",26
"37","C_1624",26
"38","C_4434",26
"39","C_4435",26
"40","C_1662",27
"41","C_1663",27
"42","C_1664",27
"43","C_1665",27
"44","C_1666",27
"45","C_1667",27
"46","C_1668",27
"47","C_1658",28
"48","C_1659",28
"49","C_1660",28
"50","C_1661",28
"51","C_4433",28
"52","C_1631",29
"53","C_1632",29
"54","C_1671",30
"55","C_1595",31
"56","C_1672",32
"57","C_1673",32
"58","C_4431",32
"59","C_1633",33
"60","C_1634",33
"61","C_1587",49
"62","C_1588",49
"63","C_1589",49
"64","C_1590",49
"65","C_1600",49
"66","C_1601",49
"67","C_1602",49
"68","C_1603",49
"69","C_1610",49
"70","C_1611",49
"71","C_1612",49
"72","C_1613",49
"73","C_1582",50
"74","C_1583",50
"75","C_1584",50
"76","C_1585",50
"77","C_1586",50
"78","C_1604",50
"79","C_1605",50
"80","C_1606",50
"81","C_1607",50
"82","C_1608",50
"83","C_1609",50
"84","C_1572",51
"85","C_1573",51
"86","C_1574",51
"87","C_1575",51
"88","C_1576",51
"89","C_1577",51
"90","C_1578",51
"91","C_4161",51
"92","C_1570",52
"93","C_1579",52
"94","C_1705",53
"95","C_1706",53
"96","C_4137",53
"97","C_4138",53
"98","C_1699",54
"99","C_1704",54
"100","C_4139",54
"101","C_4140",54
"102","C_1709",55
"103","C_1710",55
"104","C_1711",55
"105","C_1695",56
"106","C_1696",56
"107","C_1714",56
"108","C_1715",57
"109","C_1717",59
"110","C_1718",59
"111","C_4128",59
"112","C_4129",59
"113","C_4130",59
"114","C_4131",59
"115","C_1724",60
"116","C_4132",60
"117","C_1749",61
"118","C_4117",61
"119","C_4118",61
"120","C_4119",61
"121","C_4120",61
"122","C_4121",61
"123","C_4122",61
"124","C_4133",61
"125","C_4134",61
"126","C_4135",61
"127","C_4136",61
"128","C_3458",62
"129","C_4123",62
"130","C_4125",62
"131","C_4126",62
"132","C_4127",62
"133","C_1738",63
"134","C_4403",63
"135","C_1730",64
"136","C_1731",64
"137","C_1740",64
"138","C_1732",65
"139","C_1733",65
"140","C_4401",65
"141","C_4402",65
"142","C_1688",67
"143","C_1679",68
"144","C_1680",68
"145","C_1690",69
"146","C_1700",69
"147","C_1701",69
"148","C_1682",70
"149","C_1683",70
"150","C_1702",70
"151","C_1703",70
"152","C_75",71
"153","C_76",71
"154","C_77",71
"155","C_1691",71
"156","C_1693",71
"157","C_1694",71
"158","C_1725",71
"159","C_1726",71
"160","C_956",72
"161","C_982",72
"162","C_985",72
"163","C_1692",72
"164","C_1727",72
"165","C_1728",72
"166","C_1729",72
"167","C_1734",72
"168","C_1720",73
"169","C_1721",73
"170","C_1723",73
"171","C_1739",74
"172","C_2001",75
"173","C_2002",75
"174","C_2678",75
"175","C_2684",75
"176","C_3453",75
"177","C_2682",76
"178","C_2683",76
"179","C_2698",76
"180","C_3454",76
"181","C_4393",76
"182","C_4394",76
"183","C_2551",77
"184","C_2710",77
"185","C_2711",77
"186","C_2712",77
"187","C_2713",77
"188","C_2714",77
"189","C_2720",77
"190","C_4381",79
"191","C_4382",79
"192","C_4383",79
"193","C_4407",79
"194","C_4408",79
"195","C_4409",79
"196","C_4410",79
"197","C_4395",80
"198","C_4404",80
"199","C_4406",80
"200","C_2548",81
"201","C_2549",81
"202","C_2550",81
"203","C_4424",81
"204","C_4425",81
"205","C_2013",82
"206","C_2270",82
"207","C_2271",82
"208","C_2272",82
"209","C_4418",82
"210","C_4419",82
"211","C_4420",82
"212","C_4421",82
"213","C_4422",82
"214","C_4423",82
"215","C_2264",83
"216","C_2265",83
"217","C_2266",83
"218","C_2267",83
"219","C_2268",83
"220","C_2269",83
"221","C_2552",83
"222","C_4208",83
"223","C_4209",83
"224","C_2282",84
"225","C_2542",84
"226","C_2543",84
"227","C_2275",85
"228","C_2276",85
"229","C_2273",86
"230","C_2274",86
"231","C_2263",87
"232","C_2758",87
"233","C_3456",87
"234","C_4387",87
"235","C_4390",87
"236","C_4391",87
"237","C_2283",88
"238","C_2557",88
"239","C_3455",88
"240","C_4384",88
"241","C_4385",88
"242","C_4386",88
"243","C_4392",88
"244","C_2281",89
"245","C_2284",89
"246","C_2285",89
"247","C_991",90
"248","C_992",90
"249","C_2558",90
"250","C_2287",91
"251","C_2339",91
"252","C_2755",91
"253","C_2756",91
"254","C_2757",91
"255","C_2759",91
"256","C_2760",91
"257","C_3002",91
"258","C_3003",91
"259","C_3004",91
"260","C_3005",91
"261","C_3006",91
"262","C_3007",91
"263","C_2366",92
"264","C_2718",92
"265","C_2719",92
"266","C_2782",93
"267","C_2788",93
"268","C_2789",93
"269","C_2790",93
"270","C_3425",93
"271","C_3426",93
"272","C_3427",93
"273","C_3428",93
"274","C_3429",93
"275","C_3444",93
"276","C_3445",93
"277","C_3446",93
"278","C_3447",93
"279","C_3448",93
"280","C_3449",93
"281","C_3450",93
"282","C_2367",94
"283","C_2783",94
"284","C_2791",94
"285","C_3423",94
"286","C_3424",94
"287","C_3430",94
"288","C_3431",94
"289","C_3432",94
"290","C_3433",94
"291","C_3434",94
"292","C_3435",94
"293","C_3436",94
"294","C_3437",94
"295","C_3438",94
"296","C_3439",94
"297","C_3440",94
"298","C_3441",94
"299","C_3442",94
"300","C_3443",94
"301","C_2999",95
"302","C_2559",97
"303","C_2560",97
"304","C_2561",97
"305","C_2562",97
"306","C_2769",97
"307","C_2770",97
"308","C_2771",97
"309","C_2772",97
"310","C_2773",97
"311","C_2774",97
"312","C_2761",98
"313","C_2762",98
"314","C_2763",98
"315","C_2764",98
"316","C_2765",98
"317","C_2766",98
"318","C_2767",98
"319","C_2768",98
"320","C_2775",98
"321","C_2776",98
"322","C_2777",98
"323","C_2778",98
"324","C_2779",98
"325","C_2780",98
"326","C_2781",98
"327","C_2993",98
"328","C_2787",99
"329","C_3019",102
"330","C_585",103
"331","C_539",104
"332","C_540",104
"333","C_2802",104
"334","C_2523",107
"335","C_3016",107
"336","C_2563",108
"337","C_2518",109
"338","C_2519",109
"339","C_2520",109
"340","C_2521",109
"341","C_2522",109
"342","C_2524",110
"343","C_2525",110
"344","C_2526",110
"345","C_2527",110
"346","C_2528",110
"347","C_2529",110
"348","C_2530",110
"349","C_2568",112
"350","C_2569",112
"351","C_2580",113
"352","C_3045",113
"353","C_2573",114
"354","C_2575",115
"355","C_2707",118
"356","C_3023",118
"357","C_3024",118
"358","C_1129",119
"359","C_2327",119
"360","C_2328",119
"361","C_2329",119
"362","C_2708",119
"363","C_2709",119
"364","C_3022",119
"365","C_1128",120
"366","C_3027",120
"367","C_2008",121
"368","C_2009",121
"369","C_2010",121
"370","C_2011",121
"371","C_2012",121
"372","C_2016",121
"373","C_2511",121
"374","C_2512",121
"375","C_2005",122
"376","C_2006",122
"377","C_2007",122
"378","C_2018",122
"379","C_2696",122
"380","C_2697",122
"381","C_3026",122
"382","C_3028",123
"383","C_2506",125
"384","C_2695",126
"385","C_2331",127
"386","C_4196",128
"387","C_2003",129
"388","C_2004",129
"389","C_2691",129
"390","C_2692",129
"391","C_2693",129
"392","C_2694",129
"393","C_3041",129
"394","C_4212",129
"395","C_4213",129
"396","C_4214",129
"397","C_2023",130
"398","C_2685",130
"399","C_2688",130
"400","C_2689",130
"401","C_2690",130
"402","C_3030",130
"403","C_3042",130
"404","C_3043",130
"405","C_4207",130
"406","C_4210",130
"407","C_4211",130
"408","C_2614",131
"409","C_2615",131
"410","C_2617",131
"411","C_2618",131
"412","C_2619",131
"413","C_2620",131
"414","C_3044",131
"415","C_4197",131
"416","C_4201",131
"417","C_2028",132
"418","C_2686",132
"419","C_2687",132
"420","C_4198",132
"421","C_4199",132
"422","C_4366",132
"423","C_4195",133
"424","C_4360",133
"425","C_4361",133
"426","C_1858",134
"427","C_4166",134
"428","C_4169",134
"429","C_1929",135
"430","C_1896",137
"431","C_1897",137
"432","C_1898",137
"433","C_1899",137
"434","C_1900",137
"435","C_1905",138
"436","C_1906",138
"437","C_1907",138
"438","C_1908",138
"439","C_1909",138
"440","C_4145",138
"441","C_4146",138
"442","C_4336",138
"443","C_1891",139
"444","C_1892",139
"445","C_4148",139
"446","C_4149",139
"447","C_1902",140
"448","C_1986",140
"449","C_2319",140
"450","C_2320",140
"451","C_2321",140
"452","C_2322",140
"453","C_4341",140
"454","C_1982",141
"455","C_3017",141
"456","C_3018",141
"457","C_3020",141
"458","C_1983",142
"459","C_1984",142
"460","C_4292",142
"461","C_4293",142
"462","C_4294",142
"463","C_4295",142
"464","C_4296",142
"465","C_4297",142
"466","C_4288",143
"467","C_4289",143
"468","C_4290",143
"469","C_2323",144
"470","C_4253",144
"471","C_2045",145
"472","C_2046",145
"473","C_2459",145
"474","C_2605",145
"475","C_2606",145
"476","C_2607",145
"477","C_2608",145
"478","C_2612",145
"479","C_2613",145
"480","C_2621",145
"481","C_2622",145
"482","C_2623",145
"483","C_4284",145
"484","C_2043",146
"485","C_2044",146
"486","C_2052",146
"487","C_2053",146
"488","C_2609",146
"489","C_2610",146
"490","C_2611",146
"491","C_2032",147
"492","C_2033",147
"493","C_2034",147
"494","C_4258",147
"495","C_4283",147
"496","C_1989",148
"497","C_1990",148
"498","C_2031",148
"499","C_2291",148
"500","C_2292",148
"501","C_2293",148
"502","C_2624",148
"503","C_4254",148
"504","C_1977",149
"505","C_2290",149
"506","C_2629",149
"507","C_4238",149
"508","C_1988",150
"509","C_2300",150
"510","C_2627",150
"511","C_2628",150
"512","C_4185",150
"513","C_4186",150
"514","C_4324",150
"515","C_4325",150
"516","C_3011",151
"517","C_4222",151
"518","C_4223",151
"519","C_4224",151
"520","C_1976",152
"521","C_4216",152
"522","C_4217",152
"523","C_1991",153
"524","C_2301",153
"525","C_2626",153
"526","C_2672",153
"527","C_4215",153
"528","C_2297",154
"529","C_2298",154
"530","C_2299",154
"531","C_2337",154
"532","C_2338",154
"533","C_2631",154
"534","C_2670",154
"535","C_2288",155
"536","C_2289",155
"537","C_2295",155
"538","C_2296",155
"539","C_4202",157
"540","C_4203",157
"541","C_4204",158
"542","C_4205",158
"543","C_4206",158
"544","C_4375",158
"545","C_4376",158
"546","C_4200",159
"547","C_4367",159
"548","C_4368",159
"549","C_4369",159
"550","C_522",160
"551","C_523",160
"552","C_524",160
"553","C_553",160
"554","C_554",160
"555","C_609",160
"556","C_610",160
"557","C_611",160
"558","C_1950",160
"559","C_2077",160
"560","C_2078",160
"561","C_4177",160
"562","C_1951",161
"563","C_1952",161
"564","C_1953",161
"565","C_4176",161
"566","C_4179",161
"567","C_4180",161
"568","C_4182",162
"569","C_4183",162
"570","C_4189",162
"571","C_4354",163
"572","C_4355",163
"573","C_549",164
"574","C_550",164
"575","C_1961",164
"576","C_4353",164
"577","C_579",165
"578","C_1910",165
"579","C_1921",165
"580","C_4181",165
"581","C_1922",166
"582","C_1927",166
"583","C_1928",166
"584","C_2206",166
"585","C_2207",166
"586","C_2208",166
"587","C_2256",166
"588","C_4171",166
"589","C_4172",166
"590","C_1859",167
"591","C_2205",167
"592","C_2209",167
"593","C_2210",167
"594","C_2211",167
"595","C_1860",169
"596","C_4190",169
"597","C_4191",169
"598","C_1861",170
"599","C_1862",170
"600","C_2195",170
"601","C_2196",170
"602","C_2201",170
"603","C_2202",170
"604","C_2203",170
"605","C_2204",170
"606","C_2213",170
"607","C_4333",170
"608","C_2192",171
"609","C_2193",171
"610","C_2194",171
"611","C_2197",171
"612","C_2198",171
"613","C_2199",171
"614","C_2200",171
"615","C_2658",171
"616","C_2663",171
"617","C_2664",171
"618","C_2665",171
"619","C_2666",171
"620","C_2667",171
"621","C_1872",172
"622","C_1873",172
"623","C_1883",172
"624","C_1884",172
"625","C_1885",172
"626","C_1886",172
"627","C_2659",172
"628","C_2660",172
"629","C_4246",172
"630","C_4312",172
"631","C_4330",172
"632","C_4331",172
"633","C_4184",173
"634","C_4313",173
"635","C_4314",173
"636","C_4315",173
"637","C_2185",174
"638","C_2186",174
"639","C_1834",175
"640","C_2187",175
"641","C_4320",175
"642","C_1829",176
"643","C_1830",176
"644","C_1831",176
"645","C_1832",176
"646","C_1833",176
"647","C_4245",176
"648","C_4318",177
"649","C_4321",177
"650","C_1863",178
"651","C_4227",178
"652","C_4228",178
"653","C_1869",179
"654","C_1870",179
"655","C_1871",179
"656","C_1874",179
"657","C_1875",179
"658","C_1876",179
"659","C_1877",179
"660","C_1882",179
"661","C_4317",179
"662","C_4322",179
"663","C_4323",179
"664","C_1866",180
"665","C_1867",180
"666","C_1868",180
"667","C_1881",180
"668","C_1887",181
"669","C_1888",181
"670","C_1889",181
"671","C_2225",181
"672","C_4229",181
"673","C_4230",181
"674","C_1878",182
"675","C_1879",182
"676","C_1880",182
"677","C_2260",182
"678","C_2261",182
"679","C_2262",182
"680","C_2254",183
"681","C_2258",183
"682","C_2259",183
"683","C_2632",183
"684","C_2633",183
"685","C_2634",183
"686","C_2647",183
"687","C_2648",183
"688","C_2655",183
"689","C_1978",184
"690","C_2379",184
"691","C_2380",184
"692","C_2630",184
"693","C_2649",184
"694","C_2178",185
"695","C_2368",185
"696","C_2987",186
"697","C_2378",187
"698","C_2112",189
"699","C_2992",189
"700","C_2994",189
"701","C_2279",190
"702","C_2280",190
"703","C_2369",190
"704","C_2406",190
"705","C_2226",191
"706","C_2370",191
"707","C_2371",191
"708","C_2233",192
"709","C_2234",192
"710","C_2235",192
"711","C_2236",192
"712","C_2237",192
"713","C_2238",192
"714","C_2407",192
"715","C_2408",192
"716","C_2104",193
"717","C_2247",193
"718","C_2372",193
"719","C_2373",193
"720","C_2374",193
"721","C_2115",194
"722","C_2116",194
"723","C_2239",194
"724","C_2240",194
"725","C_2099",195
"726","C_2100",195
"727","C_2118",195
"728","C_2119",195
"729","C_2120",195
"730","C_2121",195
"731","C_2122",195
"732","C_2242",195
"733","C_2243",195
"734","C_2090",196
"735","C_2091",196
"736","C_2092",196
"737","C_2093",196
"738","C_2094",196
"739","C_2095",196
"740","C_2096",196
"741","C_2097",196
"742","C_2098",196
"743","C_2896",196
"744","C_2089",197
"745","C_3135",199
"746","C_3136",199
"747","C_2069",201
"748","C_2441",202
"749","C_2446",203
"750","C_2447",203
"751","C_2173",204
"752","C_2444",204
"753","C_2451",204
"754","C_2452",204
"755","C_2453",204
"756","C_4099",204
"757","C_4100",204
"758","C_2051",205
"759","C_2445",205
"760","C_2460",205
"761","C_3467",205
"762","C_3471",205
"763","C_2167",206
"764","C_2454",206
"765","C_2455",206
"766","C_2456",206
"767","C_2457",206
"768","C_2461",206
"769","C_3462",206
"770","C_3464",206
"771","C_4105",206
"772","C_2164",207
"773","C_2165",207
"774","C_2439",207
"775","C_4106",207
"776","C_4107",207
"777","C_4112",207
"778","C_4113",207
"779","C_4114",207
"780","C_4115",207
"781","C_4116",207
"782","C_2127",208
"783","C_2214",208
"784","C_2215",208
"785","C_2440",208
"786","C_880",209
"787","C_2123",209
"788","C_2124",209
"789","C_2190",209
"790","C_2191",209
"791","C_877",210
"792","C_878",210
"793","C_879",210
"794","C_2125",210
"795","C_2126",210
"796","C_2216",210
"797","C_881",211
"798","C_2188",211
"799","C_4411",211
"800","C_4412",211
"801","C_4413",211
"802","C_4414",211
"803","C_4415",211
"804","C_4416",211
"805","C_4417",211
"806","C_89",212
"807","C_90",212
"808","C_2217",212
"809","C_2184",213
"810","C_2220",213
"811","C_2074",214
"812","C_2219",214
"813","C_2087",215
"814","C_2221",215
"815","C_2222",215
"816","C_2223",215
"817","C_2224",215
"818","C_2415",215
"819","C_2255",216
"820","C_2409",216
"821","C_2410",216
"822","C_895",217
"823","C_2257",217
"824","C_4432",217
"825","C_2411",218
"826","C_2413",219
"827","C_2277",220
"828","C_2278",220
"829","C_2421",220
"830","C_2227",222
"831","C_2228",222
"832","C_2229",222
"833","C_2230",222
"834","C_2231",222
"835","C_2232",222
"836","C_2248",223
"837","C_2249",223
"838","C_2250",223
"839","C_2251",223
"840","C_2252",223
"841","C_2253",223
"842","C_2241",224
"843","C_2377",224
"844","C_2437",224
"845","C_2079",226
"846","C_2177",226
"847","C_2384",226
"848","C_2436",226
"849","C_2075",227
"850","C_2076",227
"851","C_2180",227
"852","C_2181",227
"853","C_2182",227
"854","C_2183",227
"855","C_2070",228
"856","C_2073",228
"857","C_1854",229
"858","C_1855",229
"859","C_1856",229
"860","C_1857",229
"861","C_1852",230
"862","C_1844",231
"863","C_427",232
"864","C_440",232
"865","C_441",232
"866","C_442",232
"867","C_1841",232
"868","C_1842",232
"869","C_1843",232
"870","C_431",233
"871","C_432",233
"872","C_433",233
"873","C_434",233
"874","C_1118",234
"875","C_1119",234
"876","C_1120",234
"877","C_1121",234
"878","C_1122",234
"879","C_890",235
"880","C_1093",235
"881","C_1094",235
"882","C_1095",235
"883","C_1096",235
"884","C_1097",235
"885","C_1116",235
"886","C_1117",235
"887","C_1926",235
"888","C_1959",235
"889","C_1960",235
"890","C_426",236
"891","C_1935",236
"892","C_1936",236
"893","C_1937",236
"894","C_3867",236
"895","C_3868",236
"896","C_3869",236
"897","C_3870",236
"898","C_3871",236
"899","C_3872",236
"900","C_3873",236
"901","C_1944",237
"902","C_1945",237
"903","C_2430",237
"904","C_2431",237
"905","C_2432",237
"906","C_2433",237
"907","C_3864",237
"908","C_437",238
"909","C_438",238
"910","C_592",238
"911","C_1394",238
"912","C_1395",238
"913","C_1396",238
"914","C_1946",238
"915","C_1947",238
"916","C_1948",238
"917","C_1949",238
"918","C_2434",238
"919","C_2435",238
"920","C_1391",239
"921","C_2029",239
"922","C_2030",239
"923","C_2625",239
"924","C_2676",239
"925","C_591",240
"926","C_2024",240
"927","C_2025",240
"928","C_2026",240
"929","C_2027",240
"930","C_1992",241
"931","C_2673",241
"932","C_2674",241
"933","C_572",242
"934","C_1392",242
"935","C_1393",242
"936","C_1998",242
"937","C_1999",242
"938","C_2000",242
"939","C_227",245
"940","C_228",245
"941","C_231",245
"942","C_232",245
"943","C_233",245
"944","C_234",245
"945","C_235",245
"946","C_236",245
"947","C_784",245
"948","C_170",246
"949","C_221",246
"950","C_222",246
"951","C_223",246
"952","C_224",246
"953","C_225",246
"954","C_226",246
"955","C_229",246
"956","C_230",246
"957","C_788",246
"958","C_789",246
"959","C_571",247
"960","C_573",248
"961","C_574",248
"962","C_575",248
"963","C_576",248
"964","C_577",248
"965","C_578",248
"966","C_543",249
"967","C_544",249
"968","C_580",249
"969","C_109",250
"970","C_546",250
"971","C_547",250
"972","C_548",250
"973","C_541",251
"974","C_542",251
"975","C_1751",251
"976","C_1752",251
"977","C_1753",251
"978","C_1754",251
"979","C_1755",251
"980","C_557",252
"981","C_558",252
"982","C_567",252
"983","C_568",252
"984","C_569",252
"985","C_498",253
"986","C_499",253
"987","C_559",253
"988","C_560",253
"989","C_561",253
"990","C_562",253
"991","C_563",253
"992","C_564",253
"993","C_565",253
"994","C_595",253
"995","C_518",254
"996","C_519",255
"997","C_520",255
"998","C_521",255
"999","C_612",255
"1000","C_516",256
"1001","C_517",256
"1002","C_835",256
"1003","C_497",258
"1004","C_581",258
"1005","C_582",258
"1006","C_583",258
"1007","C_584",258
"1008","C_587",259
"1009","C_588",259
"1010","C_589",259
"1011","C_629",259
"1012","C_871",259
"1013","C_872",259
"1014","C_2356",260
"1015","C_500",261
"1016","C_501",261
"1017","C_502",261
"1018","C_503",261
"1019","C_504",261
"1020","C_534",261
"1021","C_535",261
"1022","C_898",261
"1023","C_900",261
"1024","C_903",261
"1025","C_614",262
"1026","C_615",262
"1027","C_616",262
"1028","C_873",262
"1029","C_874",262
"1030","C_875",262
"1031","C_449",263
"1032","C_450",263
"1033","C_536",263
"1034","C_537",263
"1035","C_492",264
"1036","C_1140",265
"1037","C_373",267
"1038","C_378",267
"1039","C_392",268
"1040","C_678",269
"1041","C_545",270
"1042","C_849",270
"1043","C_855",271
"1044","C_533",272
"1045","C_674",272
"1046","C_675",272
"1047","C_676",272
"1048","C_677",272
"1049","C_850",272
"1050","C_671",274
"1051","C_672",274
"1052","C_673",274
"1053","C_851",274
"1054","C_341",275
"1055","C_838",275
"1056","C_844",275
"1057","C_854",275
"1058","C_856",275
"1059","C_857",275
"1060","C_858",275
"1061","C_342",276
"1062","C_538",276
"1063","C_679",277
"1064","C_680",277
"1065","C_681",277
"1066","C_318",278
"1067","C_319",278
"1068","C_320",278
"1069","C_321",278
"1070","C_322",278
"1071","C_323",278
"1072","C_1298",278
"1073","C_2345",278
"1074","C_841",279
"1075","C_842",279
"1076","C_843",279
"1077","C_2996",279
"1078","C_2997",279
"1079","C_343",280
"1080","C_780",280
"1081","C_781",280
"1082","C_782",280
"1083","C_839",280
"1084","C_2351",280
"1085","C_312",281
"1086","C_313",281
"1087","C_314",281
"1088","C_1416",281
"1089","C_2342",281
"1090","C_347",282
"1091","C_348",282
"1092","C_349",282
"1093","C_1404",282
"1094","C_2341",282
"1095","C_3000",282
"1096","C_1402",283
"1097","C_352",284
"1098","C_1403",284
"1099","C_302",285
"1100","C_303",285
"1101","C_304",285
"1102","C_309",285
"1103","C_310",285
"1104","C_311",285
"1105","C_1405",285
"1106","C_1406",285
"1107","C_1407",285
"1108","C_2294",285
"1109","C_3009",285
"1110","C_299",286
"1111","C_305",286
"1112","C_306",286
"1113","C_307",286
"1114","C_308",286
"1115","C_1401",286
"1116","C_285",287
"1117","C_1408",287
"1118","C_274",288
"1119","C_275",288
"1120","C_1398",288
"1121","C_1409",288
"1122","C_2306",289
"1123","C_1412",290
"1124","C_1413",290
"1125","C_2334",290
"1126","C_3015",290
"1127","C_271",291
"1128","C_885",291
"1129","C_1400",291
"1130","C_887",292
"1131","C_888",292
"1132","C_889",292
"1133","C_1399",292
"1134","C_246",293
"1135","C_247",293
"1136","C_248",293
"1137","C_884",293
"1138","C_252",294
"1139","C_2317",294
"1140","C_2318",294
"1141","C_213",295
"1142","C_883",295
"1143","C_207",296
"1144","C_211",296
"1145","C_2315",296
"1146","C_2316",296
"1147","C_882",297
"1148","C_1772",297
"1149","C_1773",297
"1150","C_2305",297
"1151","C_2314",297
"1152","C_886",298
"1153","C_1414",299
"1154","C_1415",299
"1155","C_1410",300
"1156","C_1411",300
"1157","C_630",303
"1158","C_631",303
"1159","C_632",303
"1160","C_633",303
"1161","C_639",303
"1162","C_640",303
"1163","C_641",303
"1164","C_642",303
"1165","C_643",303
"1166","C_644",303
"1167","C_624",304
"1168","C_634",304
"1169","C_635",304
"1170","C_636",304
"1171","C_637",304
"1172","C_638",304
"1173","C_645",304
"1174","C_1375",304
"1175","C_618",305
"1176","C_619",305
"1177","C_620",305
"1178","C_621",305
"1179","C_628",305
"1180","C_625",306
"1181","C_626",306
"1182","C_627",306
"1183","C_657",308
"1184","C_658",308
"1185","C_803",308
"1186","C_807",309
"1187","C_646",310
"1188","C_1374",310
"1189","C_617",311
"1190","C_808",311
"1191","C_812",311
"1192","C_813",311
"1193","C_622",312
"1194","C_1373",312
"1195","C_2586",313
"1196","C_2587",313
"1197","C_2588",313
"1198","C_2589",313
"1199","C_2590",313
"1200","C_2591",313
"1201","C_2592",313
"1202","C_2495",314
"1203","C_2496",314
"1204","C_2868",314
"1205","C_2869",314
"1206","C_2864",315
"1207","C_2865",315
"1208","C_2866",315
"1209","C_2585",316
"1210","C_2863",316
"1211","C_2862",318
"1212","C_2861",319
"1213","C_2860",321
"1214","C_2881",323
"1215","C_2882",323
"1216","C_2049",324
"1217","C_2877",324
"1218","C_2878",324
"1219","C_2879",324
"1220","C_2047",325
"1221","C_2458",326
"1222","C_2870",327
"1223","C_2871",327
"1224","C_2492",328
"1225","C_2493",328
"1226","C_2494",328
"1227","C_2488",329
"1228","C_2874",329
"1229","C_2883",331
"1230","C_2885",331
"1231","C_2886",331
"1232","C_2887",331
"1233","C_2486",332
"1234","C_2487",332
"1235","C_2884",333
"1236","C_2875",334
"1237","C_2876",334
"1238","C_2048",335
"1239","C_2050",336
"1240","C_2604",337
"1241","C_2472",339
"1242","C_2880",339
"1243","C_2466",340
"1244","C_2467",340
"1245","C_2468",340
"1246","C_2072",342
"1247","C_2071",344
"1248","C_2066",346
"1249","C_2067",346
"1250","C_2064",348
"1251","C_2065",348
"1252","C_2054",351
"1253","C_2055",351
"1254","C_2061",351
"1255","C_2062",351
"1256","C_2057",352
"1257","C_2058",352
"1258","C_2059",352
"1259","C_2060",352
"1260","C_2036",353
"1261","C_2039",353
"1262","C_2040",353
"1263","C_2035",354
"1264","C_2041",354
"1265","C_2042",354
"1266","C_2056",354
"1267","C_1972",357
"1268","C_1973",357
"1269","C_2037",358
"1270","C_2038",358
"1271","C_1969",359
"1272","C_1970",359
"1273","C_1914",360
"1274","C_1915",360
"1275","C_1965",361
"1276","C_1966",361
"1277","C_1917",362
"1278","C_1918",362
"1279","C_3728",362
"1280","C_3729",362
"1281","C_1911",363
"1282","C_1919",364
"1283","C_1920",364
"1284","C_1963",365
"1285","C_1964",365
"1286","C_1923",366
"1287","C_1924",366
"1288","C_1925",366
"1289","C_243",369
"1290","C_245",369
"1291","C_209",370
"1292","C_210",370
"1293","C_206",372
"1294","C_1774",373
"1295","C_1775",373
"1296","C_1789",373
"1297","C_1790",373
"1298","C_1776",374
"1299","C_1777",374
"1300","C_1840",376
"1301","C_208",378
"1302","C_242",379
"1303","C_214",380
"1304","C_215",380
"1305","C_139",381
"1306","C_140",381
"1307","C_141",381
"1308","C_142",382
"1309","C_143",382
"1310","C_295",382
"1311","C_296",382
"1312","C_297",382
"1313","C_324",387
"1314","C_685",388
"1315","C_325",389
"1316","C_326",389
"1317","C_327",389
"1318","C_328",389
"1319","C_698",389
"1320","C_699",389
"1321","C_700",389
"1322","C_701",389
"1323","C_702",389
"1324","C_686",390
"1325","C_687",390
"1326","C_688",390
"1327","C_689",390
"1328","C_690",390
"1329","C_691",390
"1330","C_692",390
"1331","C_693",390
"1332","C_694",390
"1333","C_695",390
"1334","C_697",390
"1335","C_696",392
"1336","C_704",393
"1337","C_117",395
"1338","C_137",395
"1339","C_138",395
"1340","C_153",396
"1341","C_154",396
"1342","C_155",396
"1343","C_156",396
"1344","C_106",397
"1345","C_107",397
"1346","C_703",397
"1347","C_104",398
"1348","C_105",398
"1349","C_108",398
"1350","C_111",398
"1351","C_112",398
"1352","C_113",398
"1353","C_157",398
"1354","C_118",399
"1355","C_119",399
"1356","C_136",399
"1357","C_120",400
"1358","C_1519",402
"1359","C_1549",403
"1360","C_1550",403
"1361","C_1551",403
"1362","C_1552",403
"1363","C_1559",403
"1364","C_1560",403
"1365","C_1561",403
"1366","C_1521",405
"1367","C_1522",405
"1368","C_1523",405
"1369","C_1524",405
"1370","C_1525",405
"1371","C_1526",405
"1372","C_1527",405
"1373","C_1547",406
"1374","C_1548",406
"1375","C_1528",407
"1376","C_1538",407
"1377","C_1539",407
"1378","C_1540",407
"1379","C_1541",407
"1380","C_1542",407
"1381","C_1543",407
"1382","C_1544",407
"1383","C_1545",407
"1384","C_1555",407
"1385","C_1556",407
"1386","C_1557",407
"1387","C_1529",408
"1388","C_1530",408
"1389","C_1531",408
"1390","C_1532",408
"1391","C_1533",408
"1392","C_1534",408
"1393","C_1535",408
"1394","C_1536",408
"1395","C_1537",408
"1396","C_2715",409
"1397","C_2716",409
"1398","C_2553",410
"1399","C_2554",410
"1400","C_2555",410
"1401","C_2556",410
"1402","C_2539",411
"1403","C_1737",413
"1404","C_1736",414
"1405","C_1745",415
"1406","C_1746",415
"1407","C_1592",416
"1408","C_1593",416
"1409","C_2534",417
"1410","C_2535",417
"1411","C_2536",417
"1412","C_2544",417
"1413","C_2545",417
"1414","C_2546",417
"1415","C_2547",417
"1416","C_2531",418
"1417","C_2532",418
"1418","C_2533",418
"1419","C_2537",418
"1420","C_2538",418
"1421","C_2540",418
"1422","C_2541",418
"1423","C_510",423
"1424","C_511",423
"1425","C_512",423
"1426","C_513",423
"1427","C_488",424
"1428","C_489",424
"1429","C_505",424
"1430","C_506",424
"1431","C_507",424
"1432","C_514",424
"1433","C_649",426
"1434","C_444",427
"1435","C_445",427
"1436","C_446",427
"1437","C_447",427
"1438","C_606",427
"1439","C_607",427
"1440","C_608",427
"1441","C_443",428
"1442","C_596",428
"1443","C_597",428
"1444","C_598",428
"1445","C_599",428
"1446","C_600",428
"1447","C_601",428
"1448","C_602",428
"1449","C_603",428
"1450","C_604",428
"1451","C_605",428
"1452","C_613",429
"1453","C_555",430
"1454","C_556",430
"1455","C_528",431
"1456","C_529",431
"1457","C_530",431
"1458","C_531",431
"1459","C_532",431
"1460","C_551",431
"1461","C_552",431
"1462","C_525",432
"1463","C_526",432
"1464","C_527",432
"1465","C_2956",439
"1466","C_2404",440
"1467","C_2174",443
"1468","C_2175",443
"1469","C_2176",443
"1470","C_2385",443
"1471","C_2386",443
"1472","C_2389",443
"1473","C_2390",443
"1474","C_2391",443
"1475","C_2388",444
"1476","C_2982",444
"1477","C_2983",444
"1478","C_2387",445
"1479","C_2163",446
"1480","C_2138",447
"1481","C_2139",447
"1482","C_2140",447
"1483","C_2141",447
"1484","C_2897",447
"1485","C_2898",447
"1486","C_2899",447
"1487","C_2949",447
"1488","C_2951",447
"1489","C_2952",447
"1490","C_2136",448
"1491","C_2137",448
"1492","C_2142",448
"1493","C_2902",448
"1494","C_2945",448
"1495","C_2946",448
"1496","C_2947",448
"1497","C_2948",448
"1498","C_2953",448
"1499","C_2128",449
"1500","C_2893",449
"1501","C_2937",451
"1502","C_2962",451
"1503","C_2964",452
"1504","C_2965",452
"1505","C_2966",452
"1506","C_2967",452
"1507","C_2968",452
"1508","C_2109",455
"1509","C_2110",455
"1510","C_2400",456
"1511","C_2974",457
"1512","C_2984",457
"1513","C_2392",458
"1514","C_2393",458
"1515","C_2394",458
"1516","C_2395",458
"1517","C_2396",458
"1518","C_2397",458
"1519","C_2398",458
"1520","C_2910",459
"1521","C_2911",459
"1522","C_2912",459
"1523","C_2936",459
"1524","C_2915",460
"1525","C_2916",460
"1526","C_2935",460
"1527","C_2929",461
"1528","C_2146",462
"1529","C_2917",462
"1530","C_2963",462
"1531","C_2818",463
"1532","C_2830",467
"1533","C_2930",467
"1534","C_2931",467
"1535","C_2932",467
"1536","C_2934",467
"1537","C_2831",468
"1538","C_2832",468
"1539","C_2833",468
"1540","C_2838",469
"1541","C_2839",469
"1542","C_2909",469
"1543","C_2913",469
"1544","C_2914",469
"1545","C_2836",470
"1546","C_2837",470
"1547","C_2933",470
"1548","C_2145",475
"1549","C_3737",475
"1550","C_3738",475
"1551","C_3739",475
"1552","C_3752",476
"1553","C_3732",477
"1554","C_3733",477
"1555","C_3734",477
"1556","C_3735",477
"1557","C_3736",477
"1558","C_3753",478
"1559","C_3754",478
"1560","C_3755",478
"1561","C_3730",479
"1562","C_3731",479
"1563","C_3725",480
"1564","C_3726",480
"1565","C_3727",480
"1566","C_2988",483
"1567","C_2989",483
"1568","C_2990",483
"1569","C_2991",483
"1570","C_2376",484
"1571","C_2402",484
"1572","C_2403",484
"1573","C_2244",486
"1574","C_2245",486
"1575","C_2246",486
"1576","C_2106",489
"1577","C_2107",489
"1578","C_2111",490
"1579","C_2399",490
"1580","C_1943",492
"1581","C_91",495
"1582","C_92",495
"1583","C_707",495
"1584","C_708",495
"1585","C_964",496
"1586","C_965",496
"1587","C_966",496
"1588","C_970",496
"1589","C_971",496
"1590","C_972",496
"1591","C_1769",497
"1592","C_1770",497
"1593","C_1764",498
"1594","C_1768",498
"1595","C_3741",503
"1596","C_3679",505
"1597","C_3680",505
"1598","C_3695",505
"1599","C_1782",506
"1600","C_3764",506
"1601","C_3765",506
"1602","C_3777",506
"1603","C_3778",506
"1604","C_3784",506
"1605","C_3785",506
"1606","C_3759",507
"1607","C_3760",507
"1608","C_1783",508
"1609","C_1788",508
"1610","C_3678",508
"1611","C_1823",509
"1612","C_1825",509
"1613","C_1826",509
"1614","C_3681",509
"1615","C_3682",509
"1616","C_1821",510
"1617","C_1822",510
"1618","C_3666",510
"1619","C_3700",510
"1620","C_3701",510
"1621","C_3667",511
"1622","C_3699",511
"1623","C_1819",512
"1624","C_3129",512
"1625","C_3131",512
"1626","C_3123",513
"1627","C_3126",513
"1628","C_3127",513
"1629","C_3128",513
"1630","C_3782",514
"1631","C_3783",514
"1632","C_1791",515
"1633","C_1792",515
"1634","C_3137",515
"1635","C_3643",516
"1636","C_1786",517
"1637","C_1787",517
"1638","C_1797",517
"1639","C_1811",517
"1640","C_1794",518
"1641","C_1795",518
"1642","C_1796",518
"1643","C_1809",518
"1644","C_1810",518
"1645","C_3685",519
"1646","C_1808",520
"1647","C_3756",520
"1648","C_3757",520
"1649","C_3758",520
"1650","C_3688",521
"1651","C_3687",522
"1652","C_1807",524
"1653","C_3720",524
"1654","C_1812",525
"1655","C_1803",526
"1656","C_1804",526
"1657","C_1805",526
"1658","C_1806",526
"1659","C_1802",528
"1660","C_1784",529
"1661","C_1785",529
"1662","C_1798",529
"1663","C_1799",529
"1664","C_1800",529
"1665","C_1801",529
"1666","C_3675",529
"1667","C_3676",529
"1668","C_3689",529
"1669","C_3690",529
"1670","C_1813",530
"1671","C_1814",530
"1672","C_1815",530
"1673","C_1816",530
"1674","C_1817",530
"1675","C_1818",530
"1676","C_1820",530
"1677","C_3712",530
"1678","C_3713",530
"1679","C_3714",530
"1680","C_3715",530
"1681","C_2657",531
"1682","C_3710",534
"1683","C_3711",534
"1684","C_3709",536
"1685","C_3674",537
"1686","C_3671",538
"1687","C_3702",539
"1688","C_3672",540
"1689","C_3669",542
"1690","C_3683",543
"1691","C_3684",543
"1692","C_3692",543
"1693","C_3693",543
"1694","C_3694",543
"1695","C_1382",544
"1696","C_1388",544
"1697","C_3673",544
"1698","C_3677",544
"1699","C_3686",544
"1700","C_3691",544
"1701","C_1386",545
"1702","C_1387",545
"1703","C_793",547
"1704","C_3668",548
"1705","C_3703",548
"1706","C_3670",549
"1707","C_3708",549
"1708","C_3120",551
"1709","C_3122",551
"1710","C_3130",551
"1711","C_3696",551
"1712","C_3697",551
"1713","C_3121",552
"1714","C_3664",552
"1715","C_3115",553
"1716","C_3116",553
"1717","C_3117",553
"1718","C_3118",553
"1719","C_3114",554
"1720","C_3119",556
"1721","C_3632",556
"1722","C_3665",558
"1723","C_3698",559
"1724","C_3655",561
"1725","C_3649",562
"1726","C_3171",564
"1727","C_3650",564
"1728","C_3651",564
"1729","C_3654",565
"1730","C_3652",566
"1731","C_3653",566
"1732","C_3176",567
"1733","C_3177",567
"1734","C_3178",567
"1735","C_3180",567
"1736","C_3181",567
"1737","C_3173",568
"1738","C_3174",568
"1739","C_3175",568
"1740","C_3179",568
"1741","C_3788",573
"1742","C_3789",573
"1743","C_3790",573
"1744","C_3791",573
"1745","C_3793",573
"1746","C_3794",573
"1747","C_3779",574
"1748","C_3780",574
"1749","C_3781",574
"1750","C_3786",574
"1751","C_3787",574
"1752","C_3950",574
"1753","C_3951",574
"1754","C_3124",575
"1755","C_3125",575
"1756","C_3792",576
"1757","C_3957",577
"1758","C_3958",577
"1759","C_3959",577
"1760","C_3960",577
"1761","C_3942",578
"1762","C_3943",578
"1763","C_3944",578
"1764","C_3945",578
"1765","C_3946",578
"1766","C_3947",578
"1767","C_3948",578
"1768","C_3949",578
"1769","C_3952",578
"1770","C_3953",579
"1771","C_3955",579
"1772","C_3956",579
"1773","C_3969",579
"1774","C_3772",580
"1775","C_3773",580
"1776","C_3774",580
"1777","C_3775",580
"1778","C_3776",580
"1779","C_3954",580
"1780","C_3970",580
"1781","C_3961",581
"1782","C_3962",581
"1783","C_3963",581
"1784","C_3964",581
"1785","C_3965",581
"1786","C_3966",581
"1787","C_3967",581
"1788","C_3968",581
"1789","C_3985",581
"1790","C_3986",581
"1791","C_3987",581
"1792","C_3988",581
"1793","C_3989",581
"1794","C_3990",581
"1795","C_3924",582
"1796","C_3925",582
"1797","C_3926",582
"1798","C_3927",582
"1799","C_3977",582
"1800","C_3978",582
"1801","C_3979",582
"1802","C_3980",582
"1803","C_3981",582
"1804","C_3982",582
"1805","C_3983",582
"1806","C_3984",582
"1807","C_3974",583
"1808","C_3975",583
"1809","C_3976",583
"1810","C_3971",584
"1811","C_1685",585
"1812","C_1687",585
"1813","C_1686",586
"1814","C_1684",587
"1815","C_1678",591
"1816","C_1741",591
"1817","C_1677",592
"1818","C_1742",592
"1819","C_1743",592
"1820","C_2675",593
"1821","C_1993",594
"1822","C_1997",594
"1823","C_2721",595
"1824","C_2722",595
"1825","C_2723",595
"1826","C_2724",595
"1827","C_2744",595
"1828","C_2745",595
"1829","C_2746",595
"1830","C_2747",595
"1831","C_2748",595
"1832","C_2749",595
"1833","C_2750",595
"1834","C_2728",597
"1835","C_2729",597
"1836","C_2730",597
"1837","C_2731",597
"1838","C_2732",597
"1839","C_2733",597
"1840","C_2734",597
"1841","C_2735",597
"1842","C_3875",597
"1843","C_2736",598
"1844","C_2737",598
"1845","C_2738",598
"1846","C_2739",598
"1847","C_2740",598
"1848","C_2741",598
"1849","C_2742",598
"1850","C_2743",598
"1851","C_2819",599
"1852","C_3025",601
"1853","C_2330",602
"1854","C_3865",602
"1855","C_3866",602
"1856","C_2811",603
"1857","C_2812",603
"1858","C_2813",603
"1859","C_2814",603
"1860","C_2815",603
"1861","C_2921",603
"1862","C_2922",603
"1863","C_2924",603
"1864","C_3031",603
"1865","C_2825",604
"1866","C_2826",604
"1867","C_2827",604
"1868","C_2828",604
"1869","C_2829",604
"1870","C_2925",604
"1871","C_3029",604
"1872","C_2147",605
"1873","C_3903",605
"1874","C_2926",606
"1875","C_2927",606
"1876","C_3040",606
"1877","C_3909",606
"1878","C_2840",607
"1879","C_2841",607
"1880","C_3032",607
"1881","C_4001",607
"1882","C_3879",608
"1883","C_3880",608
"1884","C_3881",608
"1885","C_3899",608
"1886","C_3900",608
"1887","C_3901",608
"1888","C_3902",608
"1889","C_2842",609
"1890","C_2843",609
"1891","C_3039",610
"1892","C_3991",610
"1893","C_2148",611
"1894","C_2149",611
"1895","C_3033",611
"1896","C_3034",611
"1897","C_3035",611
"1898","C_3036",611
"1899","C_3037",612
"1900","C_3038",612
"1901","C_586",613
"1902","C_3992",613
"1903","C_3994",613
"1904","C_3972",616
"1905","C_3973",616
"1906","C_4010",617
"1907","C_4011",617
"1908","C_4012",617
"1909","C_4013",617
"1910","C_4014",617
"1911","C_2189",618
"1912","C_3091",618
"1913","C_3919",618
"1914","C_3920",618
"1915","C_3921",618
"1916","C_3922",618
"1917","C_3923",618
"1918","C_3928",618
"1919","C_2918",621
"1920","C_2919",621
"1921","C_2920",621
"1922","C_2923",621
"1923","C_3092",621
"1924","C_3093",621
"1925","C_2151",623
"1926","C_2152",623
"1927","C_2156",623
"1928","C_2157",623
"1929","C_2154",624
"1930","C_2155",624
"1931","C_2160",624
"1932","C_2158",625
"1933","C_2159",625
"1934","C_3876",625
"1935","C_3877",625
"1936","C_3878",625
"1937","C_3882",625
"1938","C_2161",626
"1939","C_2162",626
"1940","C_3884",626
"1941","C_2169",629
"1942","C_2170",629
"1943","C_2171",629
"1944","C_2172",629
"1945","C_2105",633
"1946","C_2375",633
"1947","C_2401",634
"1948","C_2102",638
"1949","C_2405",638
"1950","C_3050",640
"1951","C_3051",640
"1952","C_3052",640
"1953","C_3059",640
"1954","C_3363",640
"1955","C_187",641
"1956","C_3048",641
"1957","C_3049",641
"1958","C_3066",641
"1959","C_3067",641
"1960","C_3053",642
"1961","C_174",643
"1962","C_175",643
"1963","C_176",643
"1964","C_177",643
"1965","C_178",643
"1966","C_179",643
"1967","C_180",643
"1968","C_181",643
"1969","C_182",643
"1970","C_183",643
"1971","C_184",643
"1972","C_185",643
"1973","C_186",643
"1974","C_3361",643
"1975","C_3362",643
"1976","C_3364",643
"1977","C_3046",644
"1978","C_3047",644
"1979","C_3054",644
"1980","C_3069",644
"1981","C_93",646
"1982","C_682",649
"1983","C_329",650
"1984","C_330",650
"1985","C_331",650
"1986","C_683",650
"1987","C_336",651
"1988","C_337",651
"1989","C_338",651
"1990","C_339",651
"1991","C_24",652
"1992","C_25",652
"1993","C_26",652
"1994","C_332",652
"1995","C_333",652
"1996","C_334",652
"1997","C_335",652
"1998","C_3061",652
"1999","C_3062",653
"2000","C_3063",653
"2001","C_3064",653
"2002","C_3065",653
"2003","C_2143",654
"2004","C_2954",654
"2005","C_4035",654
"2006","C_2900",655
"2007","C_3365",655
"2008","C_3366",655
"2009","C_3367",655
"2010","C_4036",656
"2011","C_4037",656
"2012","C_4038",656
"2013","C_4039",656
"2014","C_4040",656
"2015","C_4041",656
"2016","C_4042",656
"2017","C_2894",657
"2018","C_2895",657
"2019","C_3368",657
"2020","C_3369",657
"2021","C_3370",657
"2022","C_3371",657
"2023","C_3385",657
"2024","C_2901",658
"2025","C_2889",659
"2026","C_2890",659
"2027","C_2891",659
"2028","C_2892",659
"2029","C_4043",659
"2030","C_3465",660
"2031","C_2888",661
"2032","C_2129",662
"2033","C_4108",662
"2034","C_4109",662
"2035","C_3308",663
"2036","C_3309",663
"2037","C_2957",664
"2038","C_363",665
"2039","C_364",665
"2040","C_365",665
"2041","C_3468",665
"2042","C_359",666
"2043","C_360",666
"2044","C_361",666
"2045","C_362",666
"2046","C_663",666
"2047","C_3321",666
"2048","C_3322",666
"2049","C_3399",666
"2050","C_3400",666
"2051","C_375",667
"2052","C_376",667
"2053","C_377",667
"2054","C_666",667
"2055","C_667",667
"2056","C_3318",667
"2057","C_3323",667
"2058","C_3324",667
"2059","C_3325",667
"2060","C_3326",667
"2061","C_3327",667
"2062","C_661",668
"2063","C_3330",668
"2064","C_3407",668
"2065","C_3328",670
"2066","C_653",671
"2067","C_654",671
"2068","C_3329",671
"2069","C_659",672
"2070","C_660",672
"2071","C_3390",672
"2072","C_3391",672
"2073","C_652",673
"2074","C_3388",674
"2075","C_401",675
"2076","C_402",675
"2077","C_3374",675
"2078","C_400",676
"2079","C_3378",676
"2080","C_3380",676
"2081","C_3381",676
"2082","C_3382",676
"2083","C_3383",676
"2084","C_403",677
"2085","C_404",677
"2086","C_405",677
"2087","C_3352",677
"2088","C_3353",677
"2089","C_3359",677
"2090","C_3360",677
"2091","C_3379",677
"2092","C_406",678
"2093","C_407",678
"2094","C_3312",678
"2095","C_4092",678
"2096","C_4093",678
"2097","C_4094",678
"2098","C_4095",678
"2099","C_4097",678
"2100","C_4098",678
"2101","C_397",679
"2102","C_398",679
"2103","C_399",679
"2104","C_408",679
"2105","C_409",679
"2106","C_410",679
"2107","C_3319",679
"2108","C_3320",679
"2109","C_4087",679
"2110","C_4088",679
"2111","C_4089",679
"2112","C_4090",679
"2113","C_4091",679
"2114","C_4096",679
"2115","C_411",680
"2116","C_412",680
"2117","C_413",680
"2118","C_414",680
"2119","C_415",682
"2120","C_416",682
"2121","C_3394",682
"2122","C_371",683
"2123","C_372",683
"2124","C_456",683
"2125","C_457",684
"2126","C_458",684
"2127","C_479",684
"2128","C_480",684
"2129","C_481",684
"2130","C_3397",684
"2131","C_3398",684
"2132","C_474",685
"2133","C_475",685
"2134","C_476",685
"2135","C_478",685
"2136","C_3402",685
"2137","C_3403",685
"2138","C_393",686
"2139","C_394",686
"2140","C_396",686
"2141","C_477",686
"2142","C_3581",686
"2143","C_395",688
"2144","C_3395",688
"2145","C_3570",688
"2146","C_3571",688
"2147","C_3578",688
"2148","C_3579",688
"2149","C_473",689
"2150","C_3568",689
"2151","C_3569",689
"2152","C_3580",689
"2153","C_4068",689
"2154","C_4069",689
"2155","C_3396",691
"2156","C_3584",691
"2157","C_3585",691
"2158","C_417",692
"2159","C_4084",692
"2160","C_4085",692
"2161","C_4086",692
"2162","C_472",693
"2163","C_3586",693
"2164","C_3587",693
"2165","C_418",694
"2166","C_3560",694
"2167","C_3561",694
"2168","C_3562",694
"2169","C_3565",694
"2170","C_3566",694
"2171","C_3567",694
"2172","C_3582",694
"2173","C_3583",694
"2174","C_3558",695
"2175","C_3559",695
"2176","C_3563",695
"2177","C_3564",695
"2178","C_4070",695
"2179","C_4071",695
"2180","C_4072",695
"2181","C_419",696
"2182","C_4082",696
"2183","C_3589",697
"2184","C_4075",697
"2185","C_3520",698
"2186","C_3521",698
"2187","C_3598",698
"2188","C_3599",698
"2189","C_3601",698
"2190","C_3602",698
"2191","C_3603",698
"2192","C_3604",698
"2193","C_3605",698
"2194","C_3606",698
"2195","C_3607",698
"2196","C_3608",698
"2197","C_3611",698
"2198","C_3612",698
"2199","C_459",699
"2200","C_460",699
"2201","C_461",699
"2202","C_462",699
"2203","C_470",699
"2204","C_3494",699
"2205","C_3495",699
"2206","C_3496",699
"2207","C_3497",699
"2208","C_3498",699
"2209","C_3499",699
"2210","C_3500",699
"2211","C_3501",699
"2212","C_3502",699
"2213","C_3600",699
"2214","C_3610",699
"2215","C_4076",699
"2216","C_4077",699
"2217","C_4078",699
"2218","C_4079",699
"2219","C_4080",699
"2220","C_4081",699
"2221","C_463",700
"2222","C_464",700
"2223","C_465",700
"2224","C_466",700
"2225","C_467",700
"2226","C_468",700
"2227","C_3526",700
"2228","C_3527",700
"2229","C_3528",700
"2230","C_3529",700
"2231","C_3530",700
"2232","C_3594",700
"2233","C_3595",700
"2234","C_4073",700
"2235","C_4074",700
"2236","C_4083",700
"2237","C_3525",701
"2238","C_3531",701
"2239","C_3532",701
"2240","C_3596",701
"2241","C_3597",701
"2242","C_3196",702
"2243","C_3517",702
"2244","C_3518",702
"2245","C_3519",702
"2246","C_439",703
"2247","C_3609",703
"2248","C_435",704
"2249","C_436",704
"2250","C_783",704
"2251","C_3197",704
"2252","C_425",705
"2253","C_428",705
"2254","C_469",705
"2255","C_786",705
"2256","C_787",705
"2257","C_422",706
"2258","C_423",706
"2259","C_424",706
"2260","C_429",706
"2261","C_430",706
"2262","C_3194",707
"2263","C_3198",707
"2264","C_3507",708
"2265","C_566",711
"2266","C_570",711
"2267","C_594",713
"2268","C_593",715
"2269","C_2346",716
"2270","C_2365",716
"2271","C_2998",717
"2272","C_260",719
"2273","C_261",719
"2274","C_262",719
"2275","C_263",719
"2276","C_264",719
"2277","C_265",720
"2278","C_266",720
"2279","C_267",720
"2280","C_268",720
"2281","C_3250",720
"2282","C_258",721
"2283","C_259",721
"2284","C_2286",721
"2285","C_257",723
"2286","C_3292",723
"2287","C_2357",724
"2288","C_2358",724
"2289","C_3546",724
"2290","C_3547",724
"2291","C_3548",724
"2292","C_3549",724
"2293","C_3550",724
"2294","C_3551",724
"2295","C_3557",724
"2296","C_249",725
"2297","C_250",725
"2298","C_3544",725
"2299","C_3545",725
"2300","C_253",726
"2301","C_254",726
"2302","C_3536",726
"2303","C_3523",727
"2304","C_3524",727
"2305","C_2348",728
"2306","C_3552",728
"2307","C_3554",728
"2308","C_3555",728
"2309","C_3556",728
"2310","C_3537",729
"2311","C_2352",730
"2312","C_3553",730
"2313","C_3825",730
"2314","C_3826",730
"2315","C_3827",730
"2316","C_3828",730
"2317","C_2344",731
"2318","C_3538",731
"2319","C_3539",731
"2320","C_3540",731
"2321","C_3541",731
"2322","C_3542",731
"2323","C_3543",731
"2324","C_3822",732
"2325","C_3823",732
"2326","C_3824",732
"2327","C_3819",733
"2328","C_3820",733
"2329","C_3821",733
"2330","C_2349",734
"2331","C_3829",734
"2332","C_2343",735
"2333","C_2354",736
"2334","C_3818",737
"2335","C_2353",738
"2336","C_3576",738
"2337","C_3577",738
"2338","C_4057",738
"2339","C_4058",738
"2340","C_4059",738
"2341","C_4060",738
"2342","C_4061",738
"2343","C_4062",738
"2344","C_2347",739
"2345","C_4055",739
"2346","C_4063",739
"2347","C_4064",739
"2348","C_4065",739
"2349","C_4066",739
"2350","C_4067",739
"2351","C_3842",740
"2352","C_4046",740
"2353","C_4047",740
"2354","C_4048",741
"2355","C_4056",741
"2356","C_2355",742
"2357","C_3079",742
"2358","C_3080",742
"2359","C_3081",742
"2360","C_3082",742
"2361","C_3083",742
"2362","C_3084",742
"2363","C_3085",742
"2364","C_4031",742
"2365","C_2363",743
"2366","C_3841",743
"2367","C_4049",743
"2368","C_4050",743
"2369","C_4051",743
"2370","C_3843",744
"2371","C_4044",744
"2372","C_4045",744
"2373","C_2816",745
"2374","C_3074",745
"2375","C_3075",745
"2376","C_3076",745
"2377","C_3077",745
"2378","C_3078",745
"2379","C_3837",746
"2380","C_3838",746
"2381","C_3839",746
"2382","C_3840",746
"2383","C_4052",746
"2384","C_4053",746
"2385","C_4054",746
"2386","C_3833",747
"2387","C_3834",747
"2388","C_3835",747
"2389","C_3836",747
"2390","C_4026",747
"2391","C_4027",747
"2392","C_4028",747
"2393","C_3086",748
"2394","C_3087",748
"2395","C_3832",748
"2396","C_1562",749
"2397","C_1563",749
"2398","C_1564",749
"2399","C_1565",749
"2400","C_1566",749
"2401","C_1567",749
"2402","C_4025",749
"2403","C_4029",749
"2404","C_4030",749
"2405","C_2381",750
"2406","C_2382",750
"2407","C_2383",750
"2408","C_4110",750
"2409","C_4111",750
"2410","C_2179",751
"2411","C_3313",752
"2412","C_3314",752
"2413","C_3315",752
"2414","C_3316",752
"2415","C_3317",752
"2416","C_3310",753
"2417","C_3311",753
"2418","C_684",754
"2419","C_102",756
"2420","C_103",756
"2421","C_2168",756
"2422","C_2166",757
"2423","C_2422",757
"2424","C_2424",757
"2425","C_3071",757
"2426","C_3073",757
"2427","C_2340",758
"2428","C_2423",758
"2429","C_3001",758
"2430","C_3392",758
"2431","C_3393",758
"2432","C_2350",759
"2433","C_2981",759
"2434","C_3389",759
"2435","C_3404",759
"2436","C_3405",759
"2437","C_3406",759
"2438","C_2359",760
"2439","C_2360",760
"2440","C_2362",760
"2441","C_2980",760
"2442","C_2361",761
"2443","C_2364",761
"2444","C_2425",761
"2445","C_2427",761
"2446","C_3830",761
"2447","C_3831",761
"2448","C_2426",762
"2449","C_3572",762
"2450","C_3573",762
"2451","C_2081",763
"2452","C_2212",763
"2453","C_2218",763
"2454","C_3373",763
"2455","C_2085",764
"2456","C_2985",764
"2457","C_2986",764
"2458","C_3574",764
"2459","C_3575",764
"2460","C_2975",765
"2461","C_3372",765
"2462","C_3384",765
"2463","C_2976",767
"2464","C_2977",767
"2465","C_2978",767
"2466","C_590",768
"2467","C_2979",768
"2468","C_2082",769
"2469","C_2083",769
"2470","C_3072",769
"2471","C_3844",769
"2472","C_4034",769
"2473","C_2304",772
"2474","C_2564",772
"2475","C_2565",772
"2476","C_3088",772
"2477","C_3089",772
"2478","C_2303",773
"2479","C_3013",773
"2480","C_3014",773
"2481","C_4023",773
"2482","C_4024",773
"2483","C_3008",774
"2484","C_2669",775
"2485","C_2635",777
"2486","C_2646",777
"2487","C_3012",777
"2488","C_2636",778
"2489","C_2637",778
"2490","C_1994",779
"2491","C_1995",779
"2492","C_1996",779
"2493","C_2671",779
"2494","C_3010",779
"2495","C_3090",780
"2496","C_4006",780
"2497","C_4009",780
"2498","C_2336",781
"2499","C_3917",781
"2500","C_3918",781
"2501","C_4005",781
"2502","C_3104",782
"2503","C_3105",782
"2504","C_3094",783
"2505","C_3095",783
"2506","C_3096",783
"2507","C_3106",783
"2508","C_3107",784
"2509","C_2302",785
"2510","C_3097",785
"2511","C_3098",785
"2512","C_3099",785
"2513","C_3100",785
"2514","C_340",787
"2515","C_3101",787
"2516","C_3108",788
"2517","C_509",789
"2518","C_650",789
"2519","C_651",789
"2520","C_2335",789
"2521","C_3102",789
"2522","C_3103",789
"2523","C_3800",789
"2524","C_3801",789
"2525","C_3798",790
"2526","C_3799",790
"2527","C_3802",791
"2528","C_3941",791
"2529","C_3796",792
"2530","C_3797",792
"2531","C_3930",792
"2532","C_3805",793
"2533","C_3112",794
"2534","C_3809",794
"2535","C_3931",794
"2536","C_3937",794
"2537","C_3807",795
"2538","C_3808",795
"2539","C_1954",796
"2540","C_1955",798
"2541","C_1956",798
"2542","C_3812",798
"2543","C_4015",798
"2544","C_4016",798
"2545","C_4017",798
"2546","C_1546",800
"2547","C_1520",801
"2548","C_3813",801
"2549","C_705",803
"2550","C_706",803
"2551","C_3109",803
"2552","C_3522",804
"2553","C_3533",804
"2554","C_3613",805
"2555","C_3614",805
"2556","C_3615",805
"2557","C_3616",805
"2558","C_3617",805
"2559","C_3618",805
"2560","C_3534",806
"2561","C_3535",806
"2562","C_3620",806
"2563","C_3619",807
"2564","C_3621",807
"2565","C_3816",810
"2566","C_3817",810
"2567","C_96",811
"2568","C_171",811
"2569","C_172",811
"2570","C_173",811
"2571","C_3815",812
"2572","C_4022",812
"2573","C_1756",814
"2574","C_1757",814
"2575","C_1758",814
"2576","C_3795",825
"2577","C_3938",825
"2578","C_1771",828
"2579","C_3803",828
"2580","C_3804",828
"2581","C_3806",828
"2582","C_3939",828
"2583","C_3940",828
"2584","C_3113",830
"2585","C_3183",832
"2586","C_205",834
"2587","C_3184",834
"2588","C_198",835
"2589","C_201",836
"2590","C_202",836
"2591","C_203",836
"2592","C_204",836
"2593","C_199",837
"2594","C_200",837
"2595","C_196",838
"2596","C_3192",838
"2597","C_3508",838
"2598","C_3509",838
"2599","C_197",839
"2600","C_3188",839
"2601","C_3193",839
"2602","C_3195",839
"2603","C_3510",839
"2604","C_3511",839
"2605","C_3512",839
"2606","C_3637",840
"2607","C_3638",840
"2608","C_3661",840
"2609","C_3662",840
"2610","C_3633",841
"2611","C_3634",841
"2612","C_3635",841
"2613","C_3636",841
"2614","C_3663",841
"2615","C_3208",842
"2616","C_3214",842
"2617","C_3220",842
"2618","C_3298",842
"2619","C_3299",842
"2620","C_3207",843
"2621","C_3209",843
"2622","C_3210",843
"2623","C_3221",843
"2624","C_3204",844
"2625","C_3205",844
"2626","C_3206",844
"2627","C_3222",844
"2628","C_3223",844
"2629","C_3224",844
"2630","C_3227",844
"2631","C_3228",845
"2632","C_3229",845
"2633","C_3230",845
"2634","C_3231",845
"2635","C_3294",845
"2636","C_3295",845
"2637","C_3296",845
"2638","C_195",847
"2639","C_1793",848
"2640","C_3215",848
"2641","C_3216",848
"2642","C_3217",848
"2643","C_3218",848
"2644","C_3219",848
"2645","C_3476",848
"2646","C_3477",848
"2647","C_3478",848
"2648","C_3479",849
"2649","C_3480",849
"2650","C_3481",849
"2651","C_3482",849
"2652","C_3483",849
"2653","C_3484",849
"2654","C_3485",849
"2655","C_3486",849
"2656","C_3487",849
"2657","C_3488",849
"2658","C_3489",849
"2659","C_2412",850
"2660","C_3490",850
"2661","C_3491",850
"2662","C_3492",850
"2663","C_3493",850
"2664","C_3503",850
"2665","C_3504",850
"2666","C_3505",850
"2667","C_3506",850
"2668","C_3202",851
"2669","C_3203",851
"2670","C_3211",851
"2671","C_3212",851
"2672","C_3213",851
"2673","C_3303",852
"2674","C_3304",852
"2675","C_3475",852
"2676","C_4101",852
"2677","C_4102",852
"2678","C_4103",852
"2679","C_3302",853
"2680","C_3466",853
"2681","C_3472",853
"2682","C_3473",853
"2683","C_3474",853
"2684","C_3305",854
"2685","C_3306",854
"2686","C_3307",854
"2687","C_3469",855
"2688","C_3470",855
"2689","C_3255",856
"2690","C_3257",856
"2691","C_3258",856
"2692","C_3260",856
"2693","C_2307",857
"2694","C_3261",857
"2695","C_3262",857
"2696","C_3263",857
"2697","C_3264",857
"2698","C_3162",858
"2699","C_3163",858
"2700","C_3284",858
"2701","C_3285",858
"2702","C_3286",858
"2703","C_3164",859
"2704","C_3165",859
"2705","C_3256",859
"2706","C_3166",860
"2707","C_3167",860
"2708","C_3168",860
"2709","C_3169",860
"2710","C_3254",860
"2711","C_2308",861
"2712","C_3289",861
"2713","C_2114",862
"2714","C_3138",862
"2715","C_3170",862
"2716","C_3172",862
"2717","C_2113",863
"2718","C_3288",863
"2719","C_2416",864
"2720","C_3280",864
"2721","C_3282",864
"2722","C_3283",864
"2723","C_3276",865
"2724","C_3277",865
"2725","C_3278",865
"2726","C_3279",865
"2727","C_2417",867
"2728","C_2418",867
"2729","C_3149",867
"2730","C_2419",868
"2731","C_2420",868
"2732","C_2084",870
"2733","C_2414",870
"2734","C_2086",871
"2735","C_2438",872
"2736","C_3281",872
"2737","C_3287",872
"2738","C_2080",873
"2739","C_3159",873
"2740","C_3160",873
"2741","C_3161",873
"2742","C_2309",874
"2743","C_2310",874
"2744","C_2311",874
"2745","C_2312",874
"2746","C_2313",875
"2747","C_2428",876
"2748","C_2429",878
"2749","C_3265",878
"2750","C_3266",878
"2751","C_3267",878
"2752","C_3268",878
"2753","C_3273",878
"2754","C_3274",878
"2755","C_3275",878
"2756","C_3142",879
"2757","C_3269",879
"2758","C_3270",879
"2759","C_1940",880
"2760","C_1941",880
"2761","C_1957",880
"2762","C_1958",880
"2763","C_1938",881
"2764","C_1939",881
"2765","C_1942",881
"2766","C_1851",882
"2767","C_1853",882
"2768","C_1930",882
"2769","C_1931",882
"2770","C_1932",882
"2771","C_1933",882
"2772","C_3644",882
"2773","C_1845",883
"2774","C_1846",883
"2775","C_1847",883
"2776","C_1848",883
"2777","C_1849",883
"2778","C_1850",883
"2779","C_1934",883
"2780","C_251",886
"2781","C_244",887
"2782","C_1967",888
"2783","C_1968",888
"2784","C_1912",889
"2785","C_1916",889
"2786","C_1971",890
"2787","C_1974",890
"2788","C_1913",891
"2789","C_1975",891
"2790","C_2063",893
"2791","C_2448",895
"2792","C_3252",895
"2793","C_4262",896
"2794","C_2333",897
"2795","C_2449",897
"2796","C_2324",898
"2797","C_2325",898
"2798","C_3021",898
"2799","C_2326",899
"2800","C_2332",899
"2801","C_4263",900
"2802","C_2469",901
"2803","C_4264",902
"2804","C_4259",903
"2805","C_4260",903
"2806","C_2513",904
"2807","C_2514",904
"2808","C_2515",904
"2809","C_2516",904
"2810","C_2517",904
"2811","C_4265",904
"2812","C_2505",905
"2813","C_2597",906
"2814","C_2598",906
"2815","C_4266",906
"2816","C_2500",907
"2817","C_4282",907
"2818","C_2473",908
"2819","C_4267",908
"2820","C_2470",909
"2821","C_2471",909
"2822","C_4281",910
"2823","C_2504",914
"2824","C_2599",914
"2825","C_4285",914
"2826","C_4286",914
"2827","C_2501",915
"2828","C_2479",916
"2829","C_2480",916
"2830","C_4252",916
"2831","C_4291",916
"2832","C_2462",917
"2833","C_2463",917
"2834","C_2464",917
"2835","C_2465",917
"2836","C_2474",918
"2837","C_2475",918
"2838","C_2476",919
"2839","C_2477",919
"2840","C_2478",919
"2841","C_2576",920
"2842","C_4280",921
"2843","C_1979",922
"2844","C_1980",922
"2845","C_1981",922
"2846","C_1985",923
"2847","C_1987",923
"2848","C_4268",923
"2849","C_4269",925
"2850","C_4279",925
"2851","C_2785",926
"2852","C_4275",926
"2853","C_4276",926
"2854","C_4277",926
"2855","C_4278",926
"2856","C_4270",927
"2857","C_4271",927
"2858","C_4272",927
"2859","C_4273",927
"2860","C_4365",928
"2861","C_2014",930
"2862","C_2702",931
"2863","C_2703",931
"2864","C_2704",931
"2865","C_2705",931
"2866","C_2706",931
"2867","C_4219",931
"2868","C_2570",932
"2869","C_2571",932
"2870","C_2581",932
"2871","C_2572",933
"2872","C_4236",933
"2873","C_4237",933
"2874","C_2566",935
"2875","C_2567",935
"2876","C_4255",935
"2877","C_816",936
"2878","C_2489",936
"2879","C_2490",936
"2880","C_2491",936
"2881","C_2799",936
"2882","C_2857",936
"2883","C_2858",936
"2884","C_2859",936
"2885","C_2873",936
"2886","C_811",937
"2887","C_2800",937
"2888","C_2801",937
"2889","C_2872",937
"2890","C_4287",937
"2891","C_2661",938
"2892","C_4143",938
"2893","C_2662",939
"2894","C_4151",939
"2895","C_2786",940
"2896","C_4337",940
"2897","C_4338",940
"2898","C_4339",940
"2899","C_4340",940
"2900","C_4147",941
"2901","C_4335",941
"2902","C_4349",941
"2903","C_4350",941
"2904","C_2803",942
"2905","C_2804",942
"2906","C_2805",942
"2907","C_2806",942
"2908","C_4302",942
"2909","C_4303",942
"2910","C_4304",942
"2911","C_4305",942
"2912","C_4306",942
"2913","C_4344",942
"2914","C_4345",942
"2915","C_2784",943
"2916","C_2792",943
"2917","C_2793",943
"2918","C_2794",943
"2919","C_2795",943
"2920","C_2796",943
"2921","C_2798",943
"2922","C_4299",943
"2923","C_4307",943
"2924","C_4308",943
"2925","C_4309",943
"2926","C_4310",943
"2927","C_4311",943
"2928","C_4346",943
"2929","C_4347",943
"2930","C_2507",944
"2931","C_2508",944
"2932","C_2509",944
"2933","C_2510",944
"2934","C_2616",944
"2935","C_4159",944
"2936","C_4377",944
"2937","C_4378",944
"2938","C_4379",944
"2939","C_4380",944
"2940","C_4370",945
"2941","C_4371",945
"2942","C_4372",945
"2943","C_4373",945
"2944","C_4374",945
"2945","C_2600",946
"2946","C_2601",946
"2947","C_4426",947
"2948","C_4427",947
"2949","C_4428",947
"2950","C_2582",950
"2951","C_2583",950
"2952","C_2867",950
"2953","C_2584",951
"2954","C_1895",952
"2955","C_1904",953
"2956","C_69",955
"2957","C_68",956
"2958","C_949",956
"2959","C_950",956
"2960","C_951",956
"2961","C_993",956
"2962","C_994",956
"2963","C_995",956
"2964","C_996",956
"2965","C_998",956
"2966","C_2602",956
"2967","C_2603",956
"2968","C_999",957
"2969","C_1000",957
"2970","C_1002",957
"2971","C_2502",957
"2972","C_722",958
"2973","C_2797",958
"2974","C_952",960
"2975","C_953",960
"2976","C_954",960
"2977","C_955",960
"2978","C_986",960
"2979","C_987",960
"2980","C_988",960
"2981","C_989",960
"2982","C_990",960
"2983","C_2639",960
"2984","C_720",961
"2985","C_721",961
"2986","C_2638",961
"2987","C_2643",961
"2988","C_74",962
"2989","C_723",962
"2990","C_724",962
"2991","C_725",962
"2992","C_726",962
"2993","C_1893",962
"2994","C_1894",962
"2995","C_70",963
"2996","C_71",963
"2997","C_72",963
"2998","C_73",963
"2999","C_727",963
"3000","C_728",963
"3001","C_1901",963
"3002","C_1903",963
"3003","C_67",966
"3004","C_1020",966
"3005","C_1001",967
"3006","C_1003",967
"3007","C_1004",967
"3008","C_1005",967
"3009","C_1006",967
"3010","C_1007",967
"3011","C_1008",967
"3012","C_1009",967
"3013","C_1010",967
"3014","C_1011",967
"3015","C_1012",967
"3016","C_1013",967
"3017","C_1015",967
"3018","C_1016",967
"3019","C_1864",967
"3020","C_1865",967
"3021","C_948",968
"3022","C_997",969
"3023","C_1019",969
"3024","C_1021",969
"3025","C_2651",970
"3026","C_2652",970
"3027","C_2653",970
"3028","C_2654",970
"3029","C_1890",971
"3030","C_2650",971
"3031","C_947",972
"3032","C_2725",972
"3033","C_2726",972
"3034","C_2727",972
"3035","C_945",973
"3036","C_946",973
"3037","C_942",974
"3038","C_943",974
"3039","C_944",974
"3040","C_2717",974
"3041","C_736",975
"3042","C_737",975
"3043","C_738",975
"3044","C_729",976
"3045","C_940",976
"3046","C_941",976
"3047","C_2668",976
"3048","C_732",977
"3049","C_734",977
"3050","C_2642",977
"3051","C_2644",977
"3052","C_2645",977
"3053","C_735",978
"3054","C_739",978
"3055","C_55",979
"3056","C_56",979
"3057","C_2503",980
"3058","C_2594",980
"3059","C_2595",980
"3060","C_2596",980
"3061","C_2497",981
"3062","C_2498",981
"3063","C_2499",981
"3064","C_2593",981
"3065","C_2015",982
"3066","C_2017",982
"3067","C_2019",982
"3068","C_2020",982
"3069","C_2021",982
"3070","C_2022",982
"3071","C_2699",983
"3072","C_2700",983
"3073","C_2701",983
"3074","C_2578",984
"3075","C_2579",984
"3076","C_2574",985
"3077","C_2577",988
"3078","C_2101",990
"3079","C_2103",990
"3080","C_2088",991
"3081","C_2117",991
"3082","C_2068",992
"3083","C_2450",992
"3084","C_2442",993
"3085","C_2443",993
"3086","C_2108",996
"3087","C_2950",998
"3088","C_2955",999
"3089","C_2903",1000
"3090","C_2904",1000
"3091","C_2905",1000
"3092","C_2906",1000
"3093","C_2907",1000
"3094","C_2908",1000
"3095","C_2938",1000
"3096","C_2939",1000
"3097","C_2940",1000
"3098","C_2941",1000
"3099","C_2961",1000
"3100","C_2130",1001
"3101","C_2131",1001
"3102","C_2132",1001
"3103","C_2133",1001
"3104","C_2134",1001
"3105","C_2135",1001
"3106","C_2942",1001
"3107","C_2943",1001
"3108","C_2944",1001
"3109","C_2958",1001
"3110","C_2959",1001
"3111","C_2960",1001
"3112","C_2969",1002
"3113","C_2970",1002
"3114","C_2971",1002
"3115","C_2972",1002
"3116","C_2973",1002
"3117","C_2144",1003
"3118","C_2150",1006
"3119","C_2995",1008
"3120","C_2820",1010
"3121","C_2821",1010
"3122","C_2844",1010
"3123","C_2845",1010
"3124","C_2846",1010
"3125","C_2847",1010
"3126","C_2848",1010
"3127","C_2855",1010
"3128","C_2856",1010
"3129","C_2822",1011
"3130","C_2823",1011
"3131","C_2834",1011
"3132","C_2835",1011
"3133","C_2849",1011
"3134","C_2850",1011
"3135","C_2851",1011
"3136","C_2852",1011
"3137","C_2853",1011
"3138","C_2854",1011
"3139","C_2928",1013
"3140","C_2483",1018
"3141","C_2484",1018
"3142","C_2485",1018
"3143","C_2809",1020
"3144","C_2810",1020
"3145","C_2824",1021
"3146","C_2153",1023
"3147","C_3886",1029
"3148","C_3889",1029
"3149","C_3890",1029
"3150","C_3891",1029
"3151","C_3892",1029
"3152","C_3893",1029
"3153","C_3894",1029
"3154","C_3895",1029
"3155","C_3896",1029
"3156","C_3897",1029
"3157","C_3898",1029
"3158","C_3998",1029
"3159","C_3999",1029
"3160","C_4000",1029
"3161","C_4002",1029
"3162","C_2807",1030
"3163","C_2808",1030
"3164","C_2817",1030
"3165","C_3907",1030
"3166","C_3908",1030
"3167","C_3915",1030
"3168","C_4003",1031
"3169","C_4004",1031
"3170","C_3883",1032
"3171","C_3885",1032
"3172","C_3887",1033
"3173","C_3888",1033
"3174","C_2481",1034
"3175","C_2482",1034
"3176","C_483",1036
"3177","C_939",1036
"3178","C_485",1037
"3179","C_731",1037
"3180","C_292",1038
"3181","C_752",1038
"3182","C_937",1038
"3183","C_938",1038
"3184","C_730",1039
"3185","C_749",1039
"3186","C_750",1039
"3187","C_751",1039
"3188","C_759",1040
"3189","C_1689",1040
"3190","C_1275",1041
"3191","C_1681",1041
"3192","C_936",1042
"3193","C_758",1043
"3194","C_482",1044
"3195","C_933",1044
"3196","C_495",1045
"3197","C_1282",1045
"3198","C_188",1046
"3199","C_189",1046
"3200","C_190",1046
"3201","C_932",1048
"3202","C_1713",1048
"3203","C_1284",1049
"3204","C_452",1050
"3205","C_454",1050
"3206","C_455",1050
"3207","C_766",1050
"3208","C_931",1050
"3209","C_1285",1050
"3210","C_1281",1051
"3211","C_1286",1051
"3212","C_1287",1051
"3213","C_144",1054
"3214","C_145",1054
"3215","C_146",1054
"3216","C_147",1054
"3217","C_116",1055
"3218","C_148",1055
"3219","C_149",1055
"3220","C_129",1056
"3221","C_130",1056
"3222","C_131",1056
"3223","C_132",1056
"3224","C_133",1056
"3225","C_134",1056
"3226","C_123",1057
"3227","C_124",1057
"3228","C_125",1057
"3229","C_126",1057
"3230","C_127",1057
"3231","C_128",1057
"3232","C_767",1059
"3233","C_764",1060
"3234","C_765",1060
"3235","C_484",1061
"3236","C_1293",1061
"3237","C_1288",1062
"3238","C_451",1064
"3239","C_453",1064
"3240","C_1289",1064
"3241","C_493",1065
"3242","C_1290",1065
"3243","C_1722",1068
"3244","C_280",1070
"3245","C_355",1070
"3246","C_356",1070
"3247","C_353",1071
"3248","C_354",1071
"3249","C_357",1071
"3250","C_272",1072
"3251","C_773",1072
"3252","C_1311",1072
"3253","C_771",1073
"3254","C_832",1076
"3255","C_1313",1076
"3256","C_1318",1076
"3257","C_1319",1076
"3258","C_1712",1076
"3259","C_772",1077
"3260","C_1312",1077
"3261","C_1320",1077
"3262","C_316",1078
"3263","C_317",1078
"3264","C_800",1078
"3265","C_801",1078
"3266","C_802",1078
"3267","C_345",1079
"3268","C_795",1079
"3269","C_799",1080
"3270","C_1381",1080
"3271","C_344",1081
"3272","C_1389",1081
"3273","C_1390",1081
"3274","C_486",1083
"3275","C_794",1083
"3276","C_494",1085
"3277","C_491",1087
"3278","C_668",1088
"3279","C_670",1091
"3280","C_662",1092
"3281","C_664",1093
"3282","C_897",1093
"3283","C_899",1093
"3284","C_135",1094
"3285","C_121",1095
"3286","C_122",1095
"3287","C_894",1096
"3288","C_1735",1096
"3289","C_893",1098
"3290","C_846",1099
"3291","C_896",1101
"3292","C_892",1102
"3293","C_1591",1102
"3294","C_845",1103
"3295","C_1580",1103
"3296","C_1581",1103
"3297","C_891",1104
"3298","C_1635",1104
"3299","C_1636",1104
"3300","C_1637",1104
"3301","C_1638",1104
"3302","C_840",1105
"3303","C_1639",1105
"3304","C_1640",1105
"3305","C_1656",1105
"3306","C_1657",1105
"3307","C_471",1106
"3308","C_420",1107
"3309","C_421",1107
"3310","C_300",1108
"3311","C_301",1108
"3312","C_298",1109
"3313","C_1397",1109
"3314","C_1708",1110
"3315","C_1697",1111
"3316","C_94",1112
"3317","C_98",1112
"3318","C_99",1112
"3319","C_100",1112
"3320","C_101",1112
"3321","C_95",1113
"3322","C_97",1113
"3323","C_160",1113
"3324","C_777",1114
"3325","C_792",1117
"3326","C_238",1119
"3327","C_796",1120
"3328","C_797",1120
"3329","C_255",1121
"3330","C_256",1121
"3331","C_833",1122
"3332","C_834",1122
"3333","C_774",1124
"3334","C_775",1124
"3335","C_776",1124
"3336","C_1315",1124
"3337","C_836",1125
"3338","C_1316",1125
"3339","C_1302",1126
"3340","C_1303",1126
"3341","C_1304",1126
"3342","C_1305",1126
"3343","C_1306",1126
"3344","C_1307",1126
"3345","C_1750",1126
"3346","C_1291",1127
"3347","C_1292",1127
"3348","C_1308",1127
"3349","C_1309",1127
"3350","C_191",1128
"3351","C_212",1128
"3352","C_216",1128
"3353","C_217",1128
"3354","C_220",1128
"3355","C_192",1129
"3356","C_193",1129
"3357","C_194",1129
"3358","C_218",1129
"3359","C_219",1129
"3360","C_917",1130
"3361","C_915",1131
"3362","C_914",1133
"3363","C_1617",1133
"3364","C_1618",1133
"3365","C_918",1134
"3366","C_919",1135
"3367","C_1747",1136
"3368","C_1748",1136
"3369","C_913",1137
"3370","C_911",1138
"3371","C_912",1138
"3372","C_904",1140
"3373","C_905",1140
"3374","C_906",1140
"3375","C_907",1140
"3376","C_908",1140
"3377","C_909",1140
"3378","C_910",1140
"3379","C_864",1141
"3380","C_865",1141
"3381","C_866",1141
"3382","C_867",1141
"3383","C_868",1141
"3384","C_869",1141
"3385","C_870",1141
"3386","C_901",1141
"3387","C_902",1141
"3388","C_508",1144
"3389","C_623",1145
"3390","C_647",1145
"3391","C_648",1145
"3392","C_876",1145
"3393","C_847",1150
"3394","C_1596",1150
"3395","C_1597",1150
"3396","C_1598",1150
"3397","C_848",1151
"3398","C_1619",1151
"3399","C_1620",1151
"3400","C_239",1153
"3401","C_240",1153
"3402","C_852",1155
"3403","C_379",1156
"3404","C_380",1156
"3405","C_389",1156
"3406","C_390",1156
"3407","C_391",1156
"3408","C_861",1156
"3409","C_381",1157
"3410","C_382",1157
"3411","C_383",1157
"3412","C_384",1157
"3413","C_385",1157
"3414","C_386",1157
"3415","C_387",1157
"3416","C_388",1157
"3417","C_853",1157
"3418","C_862",1157
"3419","C_863",1157
"3420","C_350",1159
"3421","C_351",1159
"3422","C_859",1159
"3423","C_860",1159
"3424","C_1299",1159
"3425","C_1300",1159
"3426","C_1301",1159
"3427","C_779",1160
"3428","C_837",1160
"3429","C_1707",1160
"3430","C_1698",1161
"3431","C_1314",1164
"3432","C_1317",1164
"3433","C_920",1167
"3434","C_921",1169
"3435","C_929",1170
"3436","C_1716",1170
"3437","C_922",1171
"3438","C_928",1172
"3439","C_923",1173
"3440","C_924",1173
"3441","C_281",1174
"3442","C_282",1174
"3443","C_283",1174
"3444","C_284",1174
"3445","C_926",1174
"3446","C_927",1174
"3447","C_930",1174
"3448","C_276",1175
"3449","C_277",1175
"3450","C_278",1175
"3451","C_279",1175
"3452","C_358",1175
"3453","C_761",1175
"3454","C_762",1175
"3455","C_763",1175
"3456","C_241",1176
"3457","C_754",1176
"3458","C_755",1176
"3459","C_756",1176
"3460","C_925",1176
"3461","C_237",1177
"3462","C_753",1177
"3463","C_934",1177
"3464","C_757",1178
"3465","C_935",1180
"3466","C_760",1181
"3467","C_286",1182
"3468","C_287",1182
"3469","C_290",1182
"3470","C_291",1182
"3471","C_1280",1182
"3472","C_1283",1182
"3473","C_288",1183
"3474","C_289",1183
"3475","C_293",1183
"3476","C_294",1183
"3477","C_1277",1183
"3478","C_1278",1183
"3479","C_1279",1183
"3480","C_665",1184
"3481","C_1273",1184
"3482","C_1274",1184
"3483","C_669",1185
"3484","C_1276",1185
"3485","C_745",1186
"3486","C_746",1186
"3487","C_747",1187
"3488","C_748",1187
"3489","C_1669",1187
"3490","C_1670",1187
"3491","C_515",1188
"3492","C_744",1188
"3493","C_490",1189
"3494","C_496",1189
"3495","C_733",1189
"3496","C_161",1190
"3497","C_162",1190
"3498","C_163",1190
"3499","C_164",1190
"3500","C_165",1190
"3501","C_166",1190
"3502","C_167",1190
"3503","C_168",1190
"3504","C_743",1190
"3505","C_110",1191
"3506","C_114",1191
"3507","C_115",1191
"3508","C_150",1191
"3509","C_151",1191
"3510","C_152",1191
"3511","C_158",1191
"3512","C_159",1191
"3513","C_448",1192
"3514","C_273",1194
"3515","C_1215",1194
"3516","C_1264",1194
"3517","C_1265",1194
"3518","C_269",1195
"3519","C_270",1195
"3520","C_169",1197
"3521","C_1571",1198
"3522","C_1232",1202
"3523","C_1233",1202
"3524","C_1260",1202
"3525","C_1262",1202
"3526","C_1263",1202
"3527","C_1266",1202
"3528","C_49",1203
"3529","C_1234",1203
"3530","C_1235",1203
"3531","C_1267",1203
"3532","C_1268",1203
"3533","C_1269",1203
"3534","C_369",1204
"3535","C_370",1204
"3536","C_655",1205
"3537","C_656",1205
"3538","C_1236",1205
"3539","C_741",1206
"3540","C_50",1207
"3541","C_51",1207
"3542","C_1237",1207
"3543","C_1270",1207
"3544","C_1271",1207
"3545","C_1272",1207
"3546","C_315",1208
"3547","C_740",1208
"3548","C_52",1209
"3549","C_346",1209
"3550","C_742",1210
"3551","C_53",1211
"3552","C_54",1211
"3553","C_487",1211
"3554","C_1436",1212
"3555","C_1437",1212
"3556","C_1438",1212
"3557","C_1439",1212
"3558","C_1440",1212
"3559","C_1449",1213
"3560","C_1450",1213
"3561","C_1451",1213
"3562","C_1452",1213
"3563","C_1453",1213
"3564","C_1441",1214
"3565","C_1454",1214
"3566","C_1442",1215
"3567","C_1445",1215
"3568","C_1446",1215
"3569","C_1447",1215
"3570","C_1448",1215
"3571","C_1050",1216
"3572","C_1051",1216
"3573","C_1048",1217
"3574","C_1049",1217
"3575","C_1443",1217
"3576","C_1444",1217
"3577","C_1455",1218
"3578","C_1456",1218
"3579","C_1056",1219
"3580","C_1043",1220
"3581","C_1044",1220
"3582","C_1045",1220
"3583","C_1054",1220
"3584","C_1055",1220
"3585","C_1041",1221
"3586","C_1042",1221
"3587","C_1046",1221
"3588","C_1047",1221
"3589","C_1052",1221
"3590","C_1053",1221
"3591","C_1457",1222
"3592","C_1458",1222
"3593","C_1057",1223
"3594","C_1067",1225
"3595","C_1430",1225
"3596","C_1058",1227
"3597","C_804",1228
"3598","C_805",1228
"3599","C_806",1228
"3600","C_1376",1230
"3601","C_1377",1230
"3602","C_1379",1231
"3603","C_1350",1234
"3604","C_1351",1234
"3605","C_1352",1234
"3606","C_1329",1235
"3607","C_1330",1235
"3608","C_1333",1238
"3609","C_1334",1238
"3610","C_1335",1239
"3611","C_1425",1239
"3612","C_1336",1241
"3613","C_1431",1242
"3614","C_1432",1242
"3615","C_1433",1242
"3616","C_1434",1242
"3617","C_1435",1242
"3618","C_1429",1243
"3619","C_1059",1244
"3620","C_1039",1246
"3621","C_1040",1246
"3622","C_1060",1246
"3623","C_1482",1247
"3624","C_1474",1248
"3625","C_1475",1248
"3626","C_1476",1248
"3627","C_1473",1249
"3628","C_1472",1250
"3629","C_1463",1251
"3630","C_1464",1252
"3631","C_27",1258
"3632","C_28",1258
"3633","C_1191",1258
"3634","C_19",1262
"3635","C_20",1262
"3636","C_1197",1264
"3637","C_1198",1264
"3638","C_1200",1264
"3639","C_1199",1265
"3640","C_1193",1267
"3641","C_1194",1267
"3642","C_1195",1267
"3643","C_1196",1267
"3644","C_1038",1268
"3645","C_1214",1268
"3646","C_1216",1268
"3647","C_1217",1268
"3648","C_1218",1268
"3649","C_1037",1269
"3650","C_1210",1270
"3651","C_1211",1270
"3652","C_1212",1271
"3653","C_1213",1271
"3654","C_1219",1271
"3655","C_1209",1272
"3656","C_1467",1273
"3657","C_1468",1273
"3658","C_1469",1273
"3659","C_1466",1275
"3660","C_1470",1276
"3661","C_1471",1276
"3662","C_1208",1277
"3663","C_1465",1279
"3664","C_374",1280
"3665","C_1201",1280
"3666","C_366",1281
"3667","C_367",1281
"3668","C_368",1281
"3669","C_1202",1281
"3670","C_1203",1281
"3671","C_1204",1281
"3672","C_1205",1281
"3673","C_1206",1281
"3674","C_1207",1281
"3675","C_1481",1286
"3676","C_1478",1288
"3677","C_1962",1294
"3678","C_1477",1296
"3679","C_1486",1297
"3680","C_1489",1303
"3681","C_1502",1309
"3682","C_1503",1311
"3683","C_1778",1312
"3684","C_1779",1313
"3685","C_1827",1313
"3686","C_1828",1313
"3687","C_1",1315
"3688","C_1504",1315
"3689","C_1505",1315
"3690","C_1506",1316
"3691","C_1507",1316
"3692","C_1508",1317
"3693","C_1509",1317
"3694","C_1510",1317
"3695","C_1511",1318
"3696","C_1512",1318
"3697","C_1780",1318
"3698","C_1781",1318
"3699","C_1824",1319
"3700","C_1495",1320
"3701","C_1835",1320
"3702","C_1836",1320
"3703","C_1494",1321
"3704","C_1837",1321
"3705","C_1838",1321
"3706","C_1839",1321
"3707","C_1496",1322
"3708","C_1497",1322
"3709","C_1719",1322
"3710","C_1759",1322
"3711","C_1760",1322
"3712","C_1767",1322
"3713","C_1498",1323
"3714","C_1499",1323
"3715","C_1761",1323
"3716","C_1766",1323
"3717","C_1501",1324
"3718","C_1490",1325
"3719","C_1492",1325
"3720","C_1493",1325
"3721","C_1500",1325
"3722","C_1484",1328
"3723","C_1485",1328
"3724","C_1491",1328
"3725","C_1479",1329
"3726","C_1480",1329
"3727","C_1483",1329
"3728","C_1762",1330
"3729","C_1763",1331
"3730","C_1765",1331
"3731","C_814",1336
"3732","C_815",1336
"3733","C_817",1338
"3734","C_818",1338
"3735","C_809",1339
"3736","C_810",1339
"3737","C_820",1342
"3738","C_821",1342
"3739","C_822",1342
"3740","C_823",1342
"3741","C_824",1342
"3742","C_1356",1343
"3743","C_1357",1343
"3744","C_1358",1343
"3745","C_819",1344
"3746","C_1368",1346
"3747","C_1369",1346
"3748","C_1372",1347
"3749","C_1345",1348
"3750","C_1359",1348
"3751","C_1363",1348
"3752","C_1364",1348
"3753","C_1366",1348
"3754","C_1367",1348
"3755","C_1346",1350
"3756","C_1347",1350
"3757","C_1349",1351
"3758","C_1365",1352
"3759","C_1344",1353
"3760","C_825",1356
"3761","C_1360",1356
"3762","C_1361",1356
"3763","C_1362",1356
"3764","C_826",1357
"3765","C_827",1357
"3766","C_1339",1358
"3767","C_1340",1358
"3768","C_1341",1358
"3769","C_1342",1358
"3770","C_1417",1358
"3771","C_1418",1358
"3772","C_1337",1359
"3773","C_1338",1359
"3774","C_1343",1359
"3775","C_1080",1360
"3776","C_1419",1360
"3777","C_1420",1360
"3778","C_1421",1361
"3779","C_1079",1362
"3780","C_1076",1363
"3781","C_1077",1363
"3782","C_1078",1363
"3783","C_1075",1365
"3784","C_1069",1366
"3785","C_1070",1366
"3786","C_1074",1367
"3787","C_1068",1368
"3788","C_1072",1369
"3789","C_1073",1369
"3790","C_1066",1372
"3791","C_1071",1374
"3792","C_1063",1375
"3793","C_1064",1375
"3794","C_1065",1375
"3795","C_1428",1377
"3796","C_1423",1378
"3797","C_1424",1378
"3798","C_1427",1379
"3799","C_1168",1384
"3800","C_1169",1384
"3801","C_1170",1384
"3802","C_1183",1384
"3803","C_1184",1384
"3804","C_1185",1384
"3805","C_1186",1384
"3806","C_1187",1384
"3807","C_1188",1384
"3808","C_1189",1384
"3809","C_1190",1384
"3810","C_1181",1385
"3811","C_1182",1385
"3812","C_1160",1386
"3813","C_1161",1386
"3814","C_1162",1386
"3815","C_1163",1386
"3816","C_1164",1386
"3817","C_1165",1386
"3818","C_1166",1386
"3819","C_1092",1387
"3820","C_1179",1387
"3821","C_1180",1387
"3822","C_1171",1388
"3823","C_1172",1388
"3824","C_1173",1388
"3825","C_1174",1388
"3826","C_1175",1388
"3827","C_1167",1389
"3828","C_1516",1389
"3829","C_1517",1389
"3830","C_1081",1392
"3831","C_1082",1392
"3832","C_1089",1392
"3833","C_1090",1392
"3834","C_1091",1392
"3835","C_2751",1403
"3836","C_1568",1412
"3837","C_1569",1412
"3838","C_2677",1414
"3839","C_2679",1417
"3840","C_2680",1417
"3841","C_2681",1422
"3842","C_3904",1431
"3843","C_3905",1431
"3844","C_3906",1431
"3845","C_3910",1432
"3846","C_3911",1432
"3847","C_3912",1432
"3848","C_3913",1432
"3849","C_3914",1433
"3850","C_3916",1434
"3851","C_828",1436
"3852","C_1031",1442
"3853","C_1032",1442
"3854","C_1033",1442
"3855","C_33",1443
"3856","C_47",1443
"3857","C_44",1444
"3858","C_45",1444
"3859","C_46",1444
"3860","C_48",1444
"3861","C_43",1445
"3862","C_1024",1446
"3863","C_1025",1446
"3864","C_1026",1446
"3865","C_1027",1446
"3866","C_1250",1446
"3867","C_1251",1446
"3868","C_1252",1446
"3869","C_1253",1446
"3870","C_1028",1447
"3871","C_1029",1447
"3872","C_1030",1447
"3873","C_1246",1447
"3874","C_1247",1447
"3875","C_1248",1447
"3876","C_1249",1447
"3877","C_1254",1447
"3878","C_1255",1447
"3879","C_1256",1447
"3880","C_1257",1447
"3881","C_1258",1447
"3882","C_1385",1451
"3883","C_1380",1453
"3884","C_1331",1458
"3885","C_1332",1458
"3886","C_1348",1458
"3887","C_1462",1460
"3888","C_1327",1472
"3889","C_1328",1472
"3890","C_1383",1473
"3891","C_1384",1473
"3892","C_3996",1476
"3893","C_3997",1476
"3894","C_3993",1477
"3895","C_3995",1477
"3896","C_1226",1478
"3897","C_1227",1478
"3898","C_1220",1479
"3899","C_1221",1479
"3900","C_1222",1479
"3901","C_1223",1479
"3902","C_1224",1479
"3903","C_1225",1479
"3904","C_798",1482
"3905","C_829",1487
"3906","C_830",1487
"3907","C_1035",1489
"3908","C_1231",1489
"3909","C_1259",1489
"3910","C_1261",1489
"3911","C_1034",1490
"3912","C_1036",1490
"3913","C_1228",1490
"3914","C_1229",1490
"3915","C_1230",1490
"3916","C_718",1491
"3917","C_719",1491
"3918","C_717",1492
"3919","C_65",1493
"3920","C_66",1493
"3921","C_1022",1494
"3922","C_1014",1496
"3923","C_1017",1496
"3924","C_81",1497
"3925","C_957",1501
"3926","C_958",1501
"3927","C_959",1501
"3928","C_960",1501
"3929","C_961",1501
"3930","C_962",1501
"3931","C_963",1501
"3932","C_973",1501
"3933","C_974",1501
"3934","C_975",1501
"3935","C_976",1501
"3936","C_977",1501
"3937","C_978",1501
"3938","C_979",1501
"3939","C_980",1501
"3940","C_981",1501
"3941","C_983",1501
"3942","C_984",1501
"3943","C_82",1502
"3944","C_84",1502
"3945","C_85",1502
"3946","C_86",1502
"3947","C_87",1502
"3948","C_710",1502
"3949","C_711",1502
"3950","C_712",1502
"3951","C_713",1502
"3952","C_78",1507
"3953","C_716",1507
"3954","C_714",1508
"3955","C_715",1508
"3956","C_80",1509
"3957","C_79",1510
"3958","C_1297",1511
"3959","C_1295",1512
"3960","C_1296",1512
"3961","C_61",1515
"3962","C_62",1515
"3963","C_63",1515
"3964","C_64",1515
"3965","C_1018",1515
"3966","C_83",1517
"3967","C_4007",1519
"3968","C_4008",1519
"3969","C_3401",1522
"3970","C_57",1524
"3971","C_58",1524
"3972","C_59",1524
"3973","C_60",1524
"3974","C_3293",1532
"3975","C_3290",1534
"3976","C_3291",1534
"3977","C_3236",1542
"3978","C_3237",1542
"3979","C_3133",1543
"3980","C_3134",1543
"3981","C_3132",1544
"3982","C_3704",1544
"3983","C_3705",1544
"3984","C_3706",1544
"3985","C_3707",1547
"3986","C_3182",1550
"3987","C_3630",1551
"3988","C_3631",1551
"3989","C_3186",1557
"3990","C_3187",1557
"3991","C_3513",1557
"3992","C_3515",1557
"3993","C_3185",1558
"3994","C_3190",1573
"3995","C_3191",1573
"3996","C_3189",1574
"3997","C_4274",1583
"3998","C_3234",1584
"3999","C_3235",1584
"4000","C_3863",1592
"4001","C_3857",1594
"4002","C_41",1596
"4003","C_42",1596
"4004","C_3355",1597
"4005","C_3356",1597
"4006","C_3357",1597
"4007","C_3358",1597
"4008","C_3348",1598
"4009","C_3861",1599
"4010","C_3862",1599
"4011","C_3859",1600
"4012","C_3860",1600
"4013","C_3858",1601
"4014","C_4033",1602
"4015","C_3846",1603
"4016","C_3847",1603
"4017","C_3848",1603
"4018","C_3849",1603
"4019","C_3850",1603
"4020","C_3851",1604
"4021","C_3852",1604
"4022","C_3853",1604
"4023","C_3856",1604
"4024","C_30",1607
"4025","C_40",1607
"4026","C_4153",1611
"4027","C_4173",1611
"4028","C_4174",1612
"4029","C_4175",1612
"4030","C_4225",1613
"4031","C_4226",1614
"4032","C_4239",1615
"4033","C_4242",1615
"4034","C_4243",1615
"4035","C_4244",1615
"4036","C_4231",1616
"4037","C_4232",1616
"4038","C_4233",1616
"4039","C_4234",1616
"4040","C_4235",1616
"4041","C_4247",1617
"4042","C_4248",1617
"4043","C_4249",1617
"4044","C_4250",1617
"4045","C_4316",1618
"4046","C_4319",1618
"4047","C_4301",1619
"4048","C_4298",1620
"4049","C_4300",1620
"4050","C_3740",1621
"4051","C_3723",1629
"4052","C_3724",1629
"4053","C_1310",1631
"4054","C_4328",1635
"4055","C_4329",1635
"4056","C_4326",1636
"4057","C_4327",1636
"4058","C_4188",1637
"4059","C_4356",1638
"4060","C_4352",1639
"4061","C_709",1645
"4062","C_88",1646
"4063","C_1641",1683
"4064","C_1646",1685
"4065","C_1645",1687
"4066","C_1647",1689
"4067","C_1648",1689
"4068","C_1649",1689
"4069","C_1650",1689
"4070","C_1651",1689
"4071","C_1652",1690
"4072","C_1653",1690
"4073","C_1654",1690
"4074","C_1655",1690
"4075","C_1644",1691
"4076","C_1642",1693
"4077","C_1643",1693
"4078","C_4256",1700
"4079","C_4257",1700
"4080","C_3233",1703
"4081","C_4442",1716
"4082","C_4443",1716
"4083","C_4444",1716
"4084","C_4261",1719
"4085","C_4396",1725
"4086","C_4397",1725
"4087","C_4398",1725
"4088","C_4405",1725
"4089","C_3457",1730
"4090","C_3459",1731
"4091","C_4399",1733
"4092","C_4342",1735
"4093","C_4343",1735
"4094","C_4348",1736
"4095","C_4157",1737
"4096","C_4158",1737
"4097","C_4160",1738
"4098","C_4141",1741
"4099","C_4142",1741
"4100","C_4152",1742
"4101","C_4154",1743
"4102","C_4156",1743
"4103","C_4162",1743
"4104","C_4163",1743
"4105","C_4155",1744
"4106","C_4388",1744
"4107","C_4389",1744
"4108","C_4218",1745
"4109","C_4220",1746
"4110","C_4187",1747
"4111","C_4221",1748
"4112","C_4170",1749
"4113","C_3451",1754
"4114","C_3452",1754
"4115","C_4240",1759
"4116","C_4241",1759
"4117","C_4251",1759
"4118","C_4332",1761
"4119","C_4334",1761
"4120","C_4194",1763
"4121","C_3461",1768
"4122","C_3232",1769
"4123","C_4400",1771
"4124","C_4144",1773
"4125","C_4150",1774
"4126","C_4429",1780
"4127","C_4430",1780
"4128","C_4192",1786
"4129","C_4193",1786
"4130","C_4164",1787
"4131","C_4165",1787
"4132","C_4167",1787
"4133","C_4168",1787
"4134","C_4363",1787
"4135","C_4364",1787
"4136","C_4178",1788
"4137","C_4357",1788
"4138","C_4358",1788
"4139","C_4359",1788
"4140","C_4362",1788
"4141","C_4351",1789
"4142","C_3354",1793
"4143","C_3343",1795
"4144","C_3376",1799
"4145","C_3387",1800
"4146","C_3588",1803
"4147","C_3592",1803
"4148","C_3593",1803
"4149","C_3590",1804
"4150","C_3591",1804
"4151","C_3411",1805
"4152","C_3412",1805
"4153","C_3413",1805
"4154","C_3414",1805
"4155","C_3415",1805
"4156","C_3416",1805
"4157","C_3417",1805
"4158","C_3331",1806
"4159","C_3332",1806
"4160","C_3333",1806
"4161","C_3408",1806
"4162","C_3409",1806
"4163","C_3410",1806
"4164","C_3336",1810
"4165","C_3342",1811
"4166","C_3337",1813
"4167","C_3377",1813
"4168","C_3351",1815
"4169","C_3338",1816
"4170","C_3339",1816
"4171","C_3341",1817
"4172","C_3340",1818
"4173","C_3349",1819
"4174","C_3350",1819
"4175","C_3110",1822
"4176","C_3111",1822
"4177","C_3811",1822
"4178","C_3814",1822
"4179","C_3929",1822
"4180","C_3344",1823
"4181","C_3345",1823
"4182","C_3628",1827
"4183","C_3629",1827
"4184","C_3514",1830
"4185","C_3516",1830
"4186","C_3622",1830
"4187","C_3623",1830
"4188","C_3624",1830
"4189","C_3625",1830
"4190","C_3626",1830
"4191","C_3627",1830
"4192","C_3346",1831
"4193","C_3347",1831
"4194","C_3810",1833
"4195","C_3932",1833
"4196","C_3933",1833
"4197","C_3934",1833
"4198","C_3935",1833
"4199","C_3936",1833
"4200","C_4018",1833
"4201","C_4019",1833
"4202","C_4020",1833
"4203","C_4021",1833
"4204","C_3420",1835
"4205","C_3334",1836
"4206","C_3422",1837
"4207","C_3421",1839
"4208","C_3335",1840
"4209","C_3418",1841
"4210","C_3419",1841
"4211","C_3375",1843
"4212","C_3386",1844
"4213","C_1177",1853
"4214","C_1514",1859
"4215","C_1156",1861
"4216","C_1157",1861
"4217","C_1158",1861
"4218","C_1178",1861
"4219","C_1518",1861
"4220","C_1159",1862
"4221","C_1515",1862
"4222","C_1176",1863
"4223","C_1513",1863
"4224","C_1083",1867
"4225","C_1084",1867
"4226","C_1085",1867
"4227","C_1086",1867
"4228","C_1087",1867
"4229","C_1088",1867
"4230","C_1133",1901
"4231","C_1134",1901
"4232","C_1138",1901
"4233","C_1132",1915
"4234","C_1135",1915
"4235","C_1136",1915
"4236","C_1137",1915
"4237","C_1124",1916
"4238","C_1152",1918
"4239","C_1153",1918
"4240","C_1154",1918
"4241","C_1155",1918
"4242","C_1139",1924
"4243","C_1130",1934
"4244","C_1131",1934
"4245","C_1141",1936
"4246","C_1142",1936
"4247","C_1143",1936
"4248","C_1144",1936
"4249","C_1145",1936
"4250","C_1146",1936
"4251","C_1147",1936
"4252","C_1148",1936
"4253","C_1149",1936
"4254","C_1150",1936
"4255","C_1151",1936
"4256","C_3874",2033
"4257","C_1422",2069
"4258","C_1426",2070
"4259","C_1460",2071
"4260","C_916",2079
"4261","C_1459",2081
"4262","C_1487",2084
"4263","C_1488",2084
"4264","C_1061",2085
"4265","C_1062",2085
"4266","C_1461",2085
"4267","C_778",2087
"4268","C_785",2087
"4269","C_790",2088
"4270","C_791",2088
"4271","C_1325",2089
"4272","C_1326",2089
"4273","C_769",2091
"4274","C_770",2091
"4275","C_1294",2091
"4276","C_768",2092
"4277","C_1353",2093
"4278","C_1354",2093
"4279","C_3153",2096
"4280","C_3154",2096
"4281","C_3155",2096
"4282","C_3156",2096
"4283","C_3157",2100
"4284","C_3158",2100
"4285","C_3200",2102
"4286","C_3201",2102
"4287","C_3225",2102
"4288","C_3226",2102
"4289","C_3251",2104
"4290","C_3248",2105
"4291","C_3249",2105
"4292","C_3238",2106
"4293","C_3239",2106
"4294","C_3240",2106
"4295","C_3241",2106
"4296","C_3242",2106
"4297","C_3243",2106
"4298","C_3244",2106
"4299","C_3145",2111
"4300","C_3150",2114
"4301","C_3151",2114
"4302","C_3152",2114
"4303","C_3245",2115
"4304","C_3246",2115
"4305","C_3259",2115
"4306","C_3247",2116
"4307","C_3645",2121
"4308","C_3659",2125
"4309","C_3660",2125
"4310","C_3657",2126
"4311","C_3658",2126
"4312","C_3746",2127
"4313","C_3747",2127
"4314","C_3748",2127
"4315","C_3749",2127
"4316","C_3750",2127
"4317","C_3751",2127
"4318","C_3761",2127
"4319","C_3742",2128
"4320","C_3743",2128
"4321","C_3744",2128
"4322","C_3745",2128
"4323","C_3762",2128
"4324","C_3763",2128
"4325","C_3766",2128
"4326","C_3767",2128
"4327","C_3768",2128
"4328","C_3769",2128
"4329","C_3770",2128
"4330","C_3771",2128
"4331","C_3146",2129
"4332","C_3147",2129
"4333","C_3148",2129
"4334","C_3139",2130
"4335","C_3140",2130
"4336","C_3141",2130
"4337","C_3253",2131
"4338","C_12",2133
"4339","C_13",2133
"4340","C_14",2133
"4341","C_15",2133
"4342","C_16",2133
"4343","C_17",2133
"4344","C_18",2133
"4345","C_36",2133
"4346","C_37",2133
"4347","C_38",2133
"4348","C_39",2133
"4349","C_3060",2133
"4350","C_29",2134
"4351","C_31",2134
"4352","C_32",2134
"4353","C_34",2134
"4354","C_35",2134
"4355","C_1192",2134
"4356","C_3144",2135
"4357","C_3143",2136
"4358","C_3271",2136
"4359","C_3272",2136
"4360","C_3639",2137
"4361","C_3640",2137
"4362","C_3646",2137
"4363","C_3647",2137
"4364","C_3648",2137
"4365","C_3641",2138
"4366","C_3642",2138
"4367","C_3656",2139
"4368","C_1355",2147
"4369","C_1370",2147
"4370","C_1371",2147
"4371","C_1378",2148
"4372","C_3199",2150
"4373","C_2",2164
"4374","C_1112",2189
"4375","C_1098",2190
"4376","C_1099",2190
"4377","C_1100",2196
"4378","C_1109",2201
"4379","C_1105",2202
"4380","C_1106",2202
"4381","C_1107",2202
"4382","C_1113",2202
"4383","C_1114",2202
"4384","C_1115",2202
"4385","C_1101",2203
"4386","C_1102",2203
"4387","C_1103",2203
"4388","C_1104",2203
"4389","C_1108",2203
"4390","C_1110",2204
"4391","C_1111",2204
"4392","C_3297",2234
"4393","C_3300",2234
"4394","C_3301",2235
"4395","C_3460",2250
"4396","C_4124",2251
"4397","C_4104",2258
"4398","C_3463",2261
"4399","C_3845",2263
"4400","C_4032",2265
"4401","C_9",2268
"4402","C_10",2268
"4403","C_11",2268
"4404","C_3",2271
"4405","C_4",2271
"4406","C_5",2271
"4407","C_6",2271
"4408","C_7",2271
"4409","C_8",2271
"4410","C_3722",2279
"4411","C_3721",2281
"4412","C_3716",2287
"4413","C_3717",2287
"4414","C_3718",2287
"4415","C_3719",2287
"4416","C_1125",2288
"4417","C_1127",2289
"4418","C_1123",2290
"4419","C_1126",2290
"4420","C_1238",2304
"4421","C_1239",2304
"4422","C_1240",2304
"4423","C_1241",2304
"4424","C_1242",2304
"4425","C_1244",2304
"4426","C_1023",2306
"4427","C_1243",2307
"4428","C_1245",2309
"4429","C_3056",2317
"4430","C_3055",2319
"4431","C_3057",2319
"4432","C_3070",2320
"4433","C_3854",2320
"4434","C_3855",2320
"4435","C_3058",2321
"4436","C_3068",2321
"4437","C_1321",2339
"4438","C_1322",2339
"4439","C_1323",2339
"4440","C_1324",2339
"4441","C_831",2340
"4442","C_2752",2382
"4443","C_2753",2391
"4444","C_2754",2512
