"id","x","y"
"depot",16.1773027687297,5.63818942037262
"dump",23.0564239659115,3.58156964137045
"C_1",3.02554713083315,0.505242030527538
"C_2",2.99528132446445,0.542085342731004
"C_3",2.94136102954344,0.565453447224237
"C_4",2.87369213092906,0.519803800716025
"C_5",2.8868902673395,0.488611847143
"C_6",2.93857776148312,0.453547612979379
"C_7",2.91027867827211,0.4381967245158
"C_8",2.85192240307574,0.396837122003273
"C_9",2.77974095764063,0.415526927694885
"C_10",2.80968929317945,0.501976013798931
"C_11",2.71934420404665,0.441180000666365
"C_12",2.67639095764536,0.456511287073343
"C_13",2.6356216894085,0.482655153678398
"C_14",2.68325271099405,0.518957487132656
"C_15",2.60692734494297,0.531726435485395
"C_16",2.64892584179138,0.562869462258147
"C_17",2.68196121069583,0.588756318819119
"C_18",2.73984522099766,0.556573985721102
"C_19",2.790841013608,0.591723896176795
"C_20",2.70834674117081,0.61804691767785
"C_21",2.74265014507965,0.646121481951565
"C_22",2.81502178717687,0.615004994103455
"C_23",2.87366642838387,0.677821326561626
"C_24",2.83770223716506,0.702525553952812
"C_25",2.79636302849656,0.719121911657921
"C_26",2.76001287435759,0.738135747008587
"C_27",2.6277919490689,0.703214289390805
"C_28",2.58967642939562,0.674284265890348
"C_29",2.52896511213076,0.700903205315041
"C_30",2.57278017042435,0.733830162366678
"C_31",2.47678395967732,0.814647724876627
"C_32",2.44506999910297,0.792952167486654
"C_33",2.41087590979727,0.762142716845687
"C_34",2.37465370525663,0.728104163056547
"C_35",2.45868547080374,0.649713114019732
"C_36",2.49683667035254,0.675951153514824
"C_37",2.5567459272629,0.651176982767804
"C_38",2.51876878380938,0.626470047288442
"C_39",2.47712228663497,0.594231686649702
"C_40",2.40952725527103,0.62093467302865
"C_41",2.39060359205431,0.595442309280738
"C_42",2.49643027910939,0.554418274992588
"C_43",2.54013151297017,0.533924867836022
"C_44",2.3454428300012,0.465485670720112
"C_45",2.24255472368536,0.332429295953701
"C_46",2.30858977180886,0.307714856342162
"C_47",2.30858977180886,0.307714856342162
"C_48",2.38724921721495,0.294732317924407
"C_49",2.30935125158545,0.228347111095846
"C_50",2.20298709226189,0.217238316811996
"C_51",2.37880452945123,0.236600287308337
"C_52",2.47405771280095,0.286610157522307
"C_53",2.99718998499253,0.470569248937731
"C_54",2.54964003700841,0.274760617604188
"C_55",2.14818040984862,0.209449436161617
"C_56",2.10620704014713,0.190863749439686
"C_57",2.0777145328978,0.184147717208754
"C_58",2.02726790855007,0.175496089090501
"C_59",2.02726790855007,0.175496089090501
"C_60",1.97310142047005,0.169242407532856
"C_61",1.92413447765752,0.161552675292981
"C_62",1.87416544036166,0.15247459574146
"C_63",1.83442587886001,0.149526670376776
"C_64",1.68684083336523,0.16804373768892
"C_65",1.41122982786543,0.130607355742785
"C_66",1.44142023013779,0.15149233810421
"C_67",1.46350080630151,0.176757472251511
"C_68",1.4914722499451,0.202876666703411
"C_69",1.50892558359186,0.22027787262673
"C_70",1.62109975469424,0.180438675371121
"C_71",1.71915994660352,0.216498778623687
"C_72",1.77483877085986,0.217145628626413
"C_73",1.79269665955954,0.219472533315686
"C_74",1.84122225805978,0.227589019120177
"C_75",1.85543934528047,0.232034647539286
"C_76",1.90182561927899,0.241078084897736
"C_77",1.92315132240202,0.247746479938704
"C_78",1.96591760616211,0.256797861628927
"C_79",1.98735874599473,0.259159313553809
"C_80",2.03370885253603,0.268223725485837
"C_81",2.05150922267707,0.272703916882522
"C_82",2.09510553168804,0.280212248190309
"C_83",2.14841600283999,0.283657210632
"C_84",2.0654092262985,0.355918360431691
"C_85",2.01270668616417,0.357864139738682
"C_86",1.89382774088184,0.336250821573216
"C_87",1.87625815093764,0.323156742527821
"C_88",1.80791920998418,0.305413966226683
"C_89",1.77213419508195,0.295309860775919
"C_90",1.73996133678376,0.286834652775995
"C_91",1.68302069381249,0.267737223174351
"C_92",1.64678503905752,0.282464284993564
"C_93",1.60950369368998,0.28940520841776
"C_94",1.56604378707327,0.306216185000149
"C_95",1.53714804944459,0.314530669256983
"C_96",1.68742844721739,0.392066059418535
"C_97",1.8226552473852,0.436261695128162
"C_98",1.7893779852002,0.4435647166437
"C_99",1.77134652649401,0.447698148551228
"C_100",1.72453395208501,0.455860881774856
"C_101",1.70315020907436,0.451345784223679
"C_102",1.67064616130759,0.461887164802849
"C_103",1.64550596270053,0.463797657061388
"C_104",1.61199505290236,0.474458458336451
"C_105",1.71283525739844,0.544621866409901
"C_106",1.72734141289955,0.538300327301898
"C_107",1.76610775838196,0.532149068046264
"C_108",1.78408164152023,0.530169087246354
"C_109",1.82313217857339,0.521435695538792
"C_110",1.83752280524722,0.519420993519298
"C_111",1.77800302494515,0.628569828263369
"C_112",1.68394519299713,0.652947035020131
"C_113",1.66863383621131,0.548954126268921
"C_114",1.65418538329106,0.553122188941868
"C_115",1.61812196107835,0.561388867127366
"C_116",1.60003246386,0.567675635079393
"C_117",1.55686023089215,0.573719357873936
"C_118",1.53882845268509,0.577852640763983
"C_119",1.50640588645917,0.584000453535134
"C_120",1.48479082109778,0.588098974783169
"C_121",1.44851792124381,0.602825426636077
"C_122",1.43410513771103,0.606993724180324
"C_123",1.4016246123887,0.615294862404284
"C_124",1.38000944074584,0.61939330362129
"C_125",1.33216466726021,0.632585762438126
"C_126",1.27905787668889,0.62817195524349
"C_127",1.25761614084392,0.625809968449281
"C_128",1.21831595874287,0.621120710186148
"C_129",1.19687483064426,0.618737143454103
"C_130",1.04334038688165,0.672949687433237
"C_131",1.01825745209314,0.672706179290655
"C_132",0.982540479853663,0.668051384324703
"C_133",0.907966069762089,0.734209073871024
"C_134",0.939984128757539,0.743136052323488
"C_135",0.968534736380659,0.747721312862091
"C_136",0.960626359505274,0.800568446363308
"C_137",0.971031642337078,0.829490084424922
"C_138",0.995651811032445,0.846961186234708
"C_139",1.01271016838976,0.861730964954806
"C_140",1.03248433737349,0.878142602646695
"C_141",1.05903179105863,0.891927468358055
"C_142",0.918072790052628,0.896848522646927
"C_143",0.907612289994154,0.885976899274429
"C_144",0.855206629001551,0.871445290494884
"C_145",0.837579539684673,0.860504022329312
"C_146",0.78018815531649,0.86210042398704
"C_147",0.778690607201937,0.784541653775205
"C_148",0.818396711082014,0.774157416247823
"C_149",0.847869435251661,0.755122309199491
"C_150",0.796899177985148,0.701918581550794
"C_151",0.778866877248574,0.706051380992547
"C_152",0.729986226351311,0.713740052743832
"C_153",0.639261699737464,0.752642685863643
"C_154",0.557163612703769,0.758672625926199
"C_155",0.527800719681293,0.784256682496128
"C_156",0.570220654502205,0.806209277702513
"C_157",0.583916166571648,0.830036521230313
"C_158",0.583916166571648,0.830036521230313
"C_159",0.645122590813531,0.819861578587832
"C_160",0.674194917311661,0.80506614931713
"C_161",0.706676616282754,0.796765846559828
"C_162",0.73915826339621,0.788465506495802
"C_163",0.758514281567921,0.868351832623308
"C_164",0.722391100652987,0.878770810061093
"C_165",0.707825900379071,0.887245273647828
"C_166",0.663782376219821,0.925589274252392
"C_167",0.728109053213535,0.932676531409743
"C_168",0.771167377967112,0.930940960520574
"C_169",0.835262455116112,0.946641748563208
"C_170",0.935410494695953,0.918556958938916
"C_171",0.942345596853541,0.927240330503113
"C_172",1.08329174183646,0.921478967707628
"C_173",1.11536840402445,0.928252308297518
"C_174",1.15267780825844,0.921700015540421
"C_175",1.19135220839742,0.919038127984123
"C_176",1.22371816778738,0.915044125695761
"C_177",1.25258058911496,0.906708090758062
"C_178",1.27798910993264,0.896184520847016
"C_179",1.31393831947306,0.892225171631152
"C_180",1.34277861737773,0.886042836856486
"C_181",1.36601195718787,0.955196296560387
"C_182",1.34786379303689,0.963636343073026
"C_183",1.3083309660656,0.967560981157037
"C_184",1.29376611647385,0.976035745221923
"C_185",1.26816189668446,0.995173452773509
"C_186",1.14979490718466,0.998311557864196
"C_187",1.12812038702052,1.0045847807103
"C_188",1.27128258958832,1.01243576528861
"C_189",1.29222663454581,1.03202495338074
"C_190",1.29914011593377,1.04286203157944
"C_191",1.37450728986415,1.03928487465825
"C_192",1.38889872537452,1.03727040401127
"C_193",1.43213080255865,1.02907350351128
"C_194",1.47498600693101,1.05361376317182
"C_195",1.57133369346631,1.06962547529466
"C_196",1.47822265179444,1.06656916448552
"C_197",1.28723321221653,1.08582665474375
"C_198",1.26908475267714,1.0942666488036
"C_199",1.21544909307336,1.08943834375449
"C_200",1.19406426853183,1.08492286075838
"C_201",1.16591764400904,1.06526371368763
"C_202",1.15187330322928,1.05435740789032
"C_203",1.10732104915417,1.12233626209429
"C_204",1.10626300720159,1.13236365840568
"C_205",1.06946866388658,1.16106406729372
"C_206",1.06178083038118,1.18037549171587
"C_207",1.06120200418525,1.20190992604187
"C_208",1.14658881173429,1.18832833892382
"C_209",1.15035999406298,1.17337305726858
"C_210",1.18322506450799,1.14549602338334
"C_211",1.20830973434032,1.14571785832809
"C_212",1.24778543841323,1.14394680728662
"C_213",1.26917040917523,1.14846225062646
"C_214",1.28618543997075,1.17955879764901
"C_215",1.28583842595231,1.1924794625545
"C_216",1.27065217410484,1.21740478675632
"C_217",1.26672166718376,1.23029069296354
"C_218",1.34657255554415,1.26669234624991
"C_219",1.36437433841263,1.27117297092014
"C_220",1.26457087006951,1.26632787510221
"C_221",1.25780879793532,1.25118424924858
"C_222",1.16684805519324,1.2280724592449
"C_223",1.16725308096603,1.21299835320034
"C_224",1.07455915471093,1.24505506298838
"C_225",0.960493630464395,1.22141677978177
"C_226",0.953847845147611,1.20196619787081
"C_227",0.954253180805576,1.18689209625975
"C_228",0.947723240910643,1.16313462639258
"C_229",0.944545141993168,1.14802572614265
"C_230",0.942963416224941,1.12153763874958
"C_231",0.957586662623743,1.11090961404704
"C_232",1.00662151850054,1.10554837021218
"C_233",1.05641111158015,1.08677491475217
"C_234",1.08143717778387,1.08917183844419
"C_235",1.08847157290456,1.01281600057216
"C_236",1.07049671968782,1.01479553729231
"C_237",1.0373728573504,1.02830271414293
"C_238",1.0192821876886,1.03458910553915
"C_239",0.985720348693392,1.05504940871208
"C_240",0.960520681230033,1.05911273154748
"C_241",0.89665779625523,1.06140043212355
"C_242",0.882533744122797,1.0548012295776
"C_243",0.865195926488808,1.03309276258996
"C_244",0.854735346396326,1.02222112040747
"C_245",0.879806693326905,0.986945101732694
"C_246",0.92644860727965,0.98524410390883
"C_247",0.958930677465483,0.976943517064023
"C_248",0.973669498091451,0.962008594915148
"C_249",0.845722939060502,0.95751339791012
"C_250",0.801238239505872,1.01093136272831
"C_251",0.754921751008619,1.00186528966126
"C_252",0.719203764275492,0.997210160599901
"C_253",0.6785244072693,0.994445366264945
"C_254",0.646250638363771,0.996328722308174
"C_255",0.525665049977167,0.995328519627425
"C_256",0.533447567360183,0.97386414832072
"C_257",0.5412522071766,0.950245983735701
"C_258",0.545647412519568,0.92013264178831
"C_259",0.660952544857247,0.897559686982284
"C_260",0.521143825517229,0.898354271581241
"C_261",0.500107691825702,0.880917618906655
"C_262",0.475488289356006,0.863446094174957
"C_263",0.437057726409343,0.826454126890746
"C_264",0.397176989224287,0.843298155867184
"C_265",0.250376759697315,0.791013279425625
"C_266",0.350452754204154,0.777577082554493
"C_267",0.377078786898312,0.697944089330851
"C_268",0.434853194765861,0.683428188856456
"C_269",0.494894842011026,0.673888440313626
"C_270",0.36935292635182,0.630836220121084
"C_271",0.329762995124342,0.636912950572934
"C_272",0.282890412899177,0.647226748908287
"C_273",0.312115904186941,0.705217064597613
"C_274",0.242446107219117,0.707597552319476
"C_275",0.176621823623191,0.757446546585663
"C_276",0.13591906289492,0.725020072472374
"C_277",0.0764885180431784,0.702578019298958
"C_278",0.0412284840550127,0.680996001648916
"C_279",0,0.648154945504366
"C_280",0.0268791089495677,0.615029740967104
"C_281",0.0877861058443009,0.603969935113174
"C_282",0.133869720938153,0.589685399907374
"C_283",0.208833204341102,0.578374516406788
"C_284",0.263684822854256,0.571218747573202
"C_285",0.316785246851393,0.553232714439101
"C_286",0.362497789831656,0.528755747606363
"C_287",0.401022866849967,0.515625009451826
"C_288",0.412834697966142,0.613337986360928
"C_289",0.452997231245292,0.60728825173383
"C_290",0.511655749869756,0.60650182074491
"C_291",0.568153871793845,0.59942610164892
"C_292",0.616313723141321,0.566571903384957
"C_293",0.592896629117457,0.525762731349727
"C_294",0.520838102474332,0.505094334462181
"C_295",0.47162779793357,0.505089550921859
"C_296",0.585759376796324,0.412780296572513
"C_297",0.614366877885917,0.415212463461576
"C_298",0.643496063197253,0.427558104519657
"C_299",0.661202298563495,0.434192255728184
"C_300",0.685856835968038,0.45166396985212
"C_301",0.707182172292473,0.458333270640153
"C_302",0.72708809189271,0.481790012018457
"C_303",0.816059654921486,0.511949062800649
"C_304",0.79208937309945,0.52498484442814
"C_305",0.556522881682211,0.657341931951713
"C_306",0.614472750002745,0.646941528141341
"C_307",0.697671762964315,0.629268952711526
"C_308",0.785456185749486,0.624995530843348
"C_309",0.840685590143478,0.695731191081617
"C_310",0.855250988406868,0.68723512205935
"C_311",0.910643358185171,0.675969210769636
"C_312",0.925150185573044,0.669648083681987
"C_313",0.961156631472094,0.6635357308417
"C_314",0.886218300466675,0.568634784125901
"C_315",0.926212989814035,0.547483170438419
"C_316",0.955863131728505,0.511153004517976
"C_317",0.985281494086733,0.483436582813194
"C_318",1.00753329593084,0.455650551512577
"C_319",1.0229879501882,0.412720468441592
"C_320",0.977217042281943,0.382119973412605
"C_321",0.955464914716284,0.392657242069539
"C_322",0.929860957866552,0.411816192756468
"C_323",0.918821874574909,0.4224790143255
"C_324",0.900442654669349,0.439532558991504
"C_325",0.892986709285242,0.45023017263259
"C_326",0.863799866891165,0.469332723390878
"C_327",0.849177444733761,0.479960709205005
"C_328",0.834381220595789,0.49704901857935
"C_329",0.789022713518058,0.401832030099942
"C_330",0.729060397434872,0.369865452280304
"C_331",0.691466887498632,0.357739185554222
"C_332",0.684532373522854,0.349055752840503
"C_333",0.743299302111024,0.372157840884197
"C_334",0.807111825731908,0.395567311038359
"C_335",0.832490888755032,0.380778918147537
"C_336",0.843436262864902,0.372269225811768
"C_337",0.868034525015784,0.355857711186781
"C_338",0.879225246300488,0.34088836843949
"C_339",0.821916026616893,0.322216436818024
"C_340",0.815133109964449,0.309226495290113
"C_341",0.783174436290388,0.298145938134292
"C_342",0.761733505079052,0.295783582595666
"C_343",0.865633169925673,0.225258493649174
"C_344",0.893834857051303,0.24276448829254
"C_345",0.904410514413399,0.249329229194512
"C_346",1.01542962985131,0.252561318310796
"C_347",0.997282427787694,0.261001151181486
"C_348",0.978787845101133,0.282361639659927
"C_349",0.964281598838447,0.288682798856353
"C_350",1.01389502216963,0.352320005975097
"C_351",1.0405875428341,0.360656671556821
"C_352",1.10413991255205,0.285732552814893
"C_353",1.15245429947175,0.255011422576684
"C_354",1.15626884969118,0.246432412520143
"C_355",1.18528097225756,0.233789889159938
"C_356",1.2033122848965,0.22965682616368
"C_357",1.0448470844478,0.224844825343224
"C_358",1.03744932627176,0.233389035179208
"C_359",0.984512937757686,0.202718980947068
"C_360",0.977658229811437,0.189728380427333
"C_361",0.945909271879931,0.17218801957757
"C_362",1.0480303066512,0.10640535350989
"C_363",1.07259102737058,0.126029833969298
"C_364",1.08669190177897,0.134782733300389
"C_365",1.12229135748483,0.143744280265484
"C_366",1.13633444059472,0.154650600536346
"C_367",1.17187673670277,0.165743996937911
"C_368",1.18961812246617,0.172399703020734
"C_369",1.25603913932049,0.137373743361722
"C_370",1.23875988172185,0.113512048012065
"C_371",1.22454322780269,0.109066114347607
"C_372",1.19030557319907,0.0921050027233793
"C_373",1.17614681891095,0.085505599643563
"C_374",1.1370801601152,0.0722024573990561
"C_375",1.11922268024271,0.069875144404438
"C_376",1.22808185435997,0
"C_377",1.2599382627652,0.017541091458511
"C_378",1.33229181961948,0.04984213431347
"C_379",1.3748480784348,0.0653328519077828
"C_380",1.41013715973448,0.0871935301555557
"C_381",1.28100512534656,0.141923926995039
"C_382",1.30382619240021,0.166291686310785
"C_383",1.33179662291114,0.192432569533933
"C_384",1.34537747733042,0.220566354464827
"C_385",1.352859423109,0.263611336017223
"C_386",1.31676095000436,0.271877291785041
"C_387",1.26636568634622,0.280004526405619
"C_388",1.22632609004837,0.293552534885509
"C_389",1.17210756483453,0.305239703151082
"C_390",1.14451807675532,0.433006121393121
"C_391",1.12951299075422,0.456554574068035
"C_392",1.12719400807623,0.520182953656783
"C_393",1.06655146785727,0.533466165403521
"C_394",1.054492048004,0.580758779869833
"C_395",1.09359634856308,0.594062388216845
"C_396",1.1076620427159,0.602814930135827
"C_397",1.14337942681846,0.607448033357842
"C_398",1.16127309585489,0.609797217640967
"C_399",1.18429418922107,0.529353067290145
"C_400",1.20218773266536,0.531702225358792
"C_401",1.26374415361614,0.531093146568923
"C_402",1.29587755435924,0.535712835013375
"C_403",1.36574777659933,0.523143276055175
"C_404",1.40201878402291,0.507146047442329
"C_405",1.4236337111046,0.503047587895449
"C_406",1.46674793063842,0.499157510919592
"C_407",1.48830502856229,0.497212447943592
"C_408",1.52795154219928,0.488980657128126
"C_409",1.55661726410302,0.489258435700706
"C_410",1.59043802456286,0.476403615170053
"C_411",1.52948492967743,0.423815296880297
"C_412",1.50085522280914,0.423537839295032
"C_413",1.46484992719373,0.429650880407949
"C_414",1.4288445895043,0.435763875825578
"C_415",1.39624898939481,0.448371903228191
"C_416",1.34627196340458,0.452906146153785
"C_417",1.32835595569638,0.452732406208288
"C_418",1.27284166365325,0.457923643043024
"C_419",1.22594823008305,0.47041432829546
"C_420",1.20447100257332,0.468051955552359
"C_421",1.18640913430567,0.409266200674146
"C_422",1.22249437065755,0.398846273377397
"C_423",1.26593379977252,0.384168084661085
"C_424",1.30922047031563,0.373839441331079
"C_425",1.34164248781735,0.367691848717614
"C_426",1.3741800871877,0.357237327654005
"C_427",1.41752491708834,0.344733538428247
"C_428",1.45017795578959,0.329972037944642
"C_429",1.49738664813124,0.327069369787508
"C_430",1.56236177419039,0.414074671216411
"C_431",1.58391867697862,0.412129534822167
"C_432",1.62714797404073,0.40393232023368
"C_433",1.64870542163311,0.401965600258099
"C_434",1.72472753965608,0.388485454359661
"C_435",1.76044053395967,0.377221182158386
"C_436",1.77850770498289,0.373088103229473
"C_437",1.8402347483031,0.35537663077569
"C_438",1.9357491327593,0.400932037038473
"C_439",1.91024107143179,0.417917241855061
"C_440",1.95057923104249,0.383843491521007
"C_441",1.97589223543836,0.375472386387853
"C_442",2.10818340319429,0.407532751533418
"C_443",2.0412252131976,0.438570577305276
"C_444",1.99189982548802,0.476327018124511
"C_445",1.97790473026868,0.480973511132056
"C_446",1.86036812378259,0.429281588986969
"C_447",1.94374566146466,0.491757670081023
"C_448",1.92565648258507,0.498044646473647
"C_449",1.89283510089754,0.505718381311903
"C_450",1.87480357358947,0.509851878036289
"C_451",1.9123054102873,0.600381487558374
"C_452",1.97614847615671,0.60942140259134
"C_453",2.00080610127529,0.580042381541676
"C_454",2.04773437150691,0.567572302719408
"C_455",2.09044831062034,0.547845472681583
"C_456",2.1274882433783,0.533879527864818
"C_457",2.17979975229586,0.514439229794543
"C_458",2.21296892743742,0.602234038106845
"C_459",2.18256557901273,0.618655201280473
"C_460",2.18256557901273,0.618655201280473
"C_461",2.13533513121365,0.642409566810019
"C_462",2.10226279003159,0.671491927514862
"C_463",2.09330868560446,0.738179492435704
"C_464",2.12480842261233,0.714294627946791
"C_465",2.16445694624241,0.696627430014333
"C_466",2.20371136569243,0.681627333768785
"C_467",2.24223565867448,0.665780064749593
"C_468",2.28343979894313,0.650238663470825
"C_469",2.32773246618704,0.738959343917615
"C_470",2.29788526108348,0.760038653606347
"C_471",2.26528925398697,0.782039127893695
"C_472",2.13139896902191,0.788089946732998
"C_473",2.16673705738327,0.816304449496955
"C_474",2.22625385932942,0.980347226010128
"C_475",2.19227818182219,0.948074905241671
"C_476",2.15409847745616,0.930926088642332
"C_477",2.12779521116622,0.901269594863039
"C_478",2.12197641452755,0.866921572608025
"C_479",2.10019030239699,0.830545155315077
"C_480",2.03017434868316,0.821747376265256
"C_481",1.97596284386313,0.838454975224823
"C_482",1.94454075289725,0.882157273495427
"C_483",1.97678008912345,0.90829572217729
"C_484",2.02941510314618,0.93038803873659
"C_485",2.04495366972852,0.961814488562762
"C_486",2.10129054137843,1.02370540140073
"C_487",2.06743423051207,0.992338768180785
"C_488",1.86235973860265,0.829752009606106
"C_489",1.88486399818513,0.781784722853957
"C_490",1.84602522179137,0.759847217144969
"C_491",1.97550586278291,0.737772357149779
"C_492",2.033466502776,0.698828612600269
"C_493",1.96955396770249,0.676304084084764
"C_494",1.81822396861499,0.727289562054926
"C_495",1.73788553448098,0.737238679484192
"C_496",1.64039756366833,0.758502302489728
"C_497",1.72600331361798,0.778028179015564
"C_498",1.76762780692568,0.844451488063925
"C_499",1.32144827562228,0.727344253021636
"C_500",1.2622062548157,0.712467069173329
"C_501",1.21447000214942,0.706920534102635
"C_502",1.16273155199796,0.699590339134868
"C_503",1.10402461514294,0.682154750016903
"C_504",1.3716188810701,0.879860472707372
"C_505",1.41796551545364,0.870444471235045
"C_506",1.43952339962786,0.868499449880083
"C_507",1.49317015039539,0.870204138621364
"C_508",1.50366708908396,0.881075898047971
"C_509",1.45730773685422,0.940378678919559
"C_510",1.3984357757642,0.949048651664387
"C_511",1.46042873165437,0.95764097303158
"C_512",1.49233238835555,0.970874226938818
"C_513",1.50643476732899,0.97962692202104
"C_514",1.52735724640315,1.00136973249767
"C_515",1.54145969671727,1.01012241044693
"C_516",1.56145009792332,1.03721963562223
"C_517",1.57191144235811,1.04809102280564
"C_518",1.67408880536937,1.01513371765991
"C_519",1.66724661443091,1.00429742219075
"C_520",1.64632383285402,0.982554712662923
"C_521",1.63933033850463,0.976024954641782
"C_522",1.61986014610711,0.957591923380631
"C_523",1.61296028438947,0.948909060544493
"C_524",1.58117208196171,0.931369049869211
"C_525",1.5705958742652,0.924783022246092
"C_526",1.54603174072636,0.905180500127619
"C_527",1.53192942873992,0.896427824550044
"C_528",1.78282337071765,1.19748923323167
"C_529",1.78664406809525,1.20605608155655
"C_530",1.78962144502926,1.23137292062925
"C_531",1.78988482807919,1.24427795792972
"C_532",1.66939205640011,1.24104333514339
"C_533",1.63751656988593,1.24810128337225
"C_534",1.59559332732149,1.24756591797578
"C_535",1.57415022890298,1.24520416260176
"C_536",1.54346593323178,1.17981282495986
"C_537",1.55779975482127,1.17995171523024
"C_538",1.62254331662581,1.1648978153858
"C_539",1.62583794466466,1.17569975493039
"C_540",1.77496216953464,1.1738483125544
"C_541",1.77172511950062,1.1608929436355
"C_542",1.75068632706429,1.14345720152455
"C_543",1.74375039817827,1.13477402316125
"C_544",1.73005180209447,1.11094732444578
"C_545",1.72317365573936,1.10011069543115
"C_546",1.71242289185803,1.07997434131077
"C_547",1.7054870372623,1.0712911536991
"C_548",1.68961058473712,1.03645791742682
"C_549",1.67896121440088,1.04996808892015
"C_550",1.57468659097558,1.07825244132536
"C_551",1.58844197847835,1.09994730217672
"C_552",1.59531998257604,1.11078396286939
"C_553",1.60913380141911,1.13030383405797
"C_554",1.61597601270339,1.14114014263523
"C_555",1.49527938828709,1.15890435270852
"C_556",1.48834366531931,1.15022111348343
"C_557",1.4815911489457,1.12536307060379
"C_558",1.48542771798872,1.11463022979366
"C_559",1.47894282419143,1.08380818529843
"C_560",1.36171735228434,1.10313481593429
"C_561",1.37217855079096,1.1140062750513
"C_562",1.38229288100843,1.13779839760958
"C_563",1.38558724859486,1.14860036365468
"C_564",1.38853473868856,1.17232299632997
"C_565",1.39177130976248,1.18527840600841
"C_566",1.38396842935632,1.20889680896351
"C_567",1.39078847461885,1.22188696178552
"C_568",1.47017619773462,1.23549440605089
"C_569",1.50953662756924,1.23802988411826
"C_570",1.53092191055989,1.24254513272319
"C_571",1.56804664454211,1.29367475177792
"C_572",1.65693493289388,1.37272621995688
"C_573",1.62804833377353,1.376582101787
"C_574",1.6099816494454,1.3806289349072
"C_575",1.57710177960472,1.39304055828408
"C_576",1.54296217995966,1.29343169660422
"C_577",1.50468408619405,1.28929125131853
"C_578",1.48318312760433,1.28908287198069
"C_579",1.42271924780989,1.27820064845035
"C_580",1.40139175202752,1.27153187433717
"C_581",1.44160983328905,1.34494251757518
"C_582",1.42029662693822,1.34040636177419
"C_583",1.38101562951032,1.33356352291615
"C_584",1.35955041755785,1.33335539737878
"C_585",1.32018912455628,1.32817027965387
"C_586",1.29874592494815,1.32580831691698
"C_587",1.16226357335249,1.26529226364943
"C_588",1.16261074609945,1.2523716017643
"C_589",1.04947482664462,1.24481157478119
"C_590",1.07902210202079,1.32705827696057
"C_591",1.11586765376652,1.32181546873645
"C_592",1.13737040506346,1.32195952180834
"C_593",1.17609248603312,1.32158135725912
"C_594",1.19753564735789,1.32394341193652
"C_595",1.23678064752038,1.33078615490069
"C_596",1.25839737071912,1.32668783260482
"C_597",1.42513181858464,1.39395871161269
"C_598",1.4283685011252,1.4069141157782
"C_599",1.44206678063379,1.43074095277473
"C_600",1.44495666688978,1.45661702038492
"C_601",1.44813558858699,1.4717258662173
"C_602",1.45478247476914,1.49117633541298
"C_603",1.45449345895483,1.50194355647061
"C_604",1.46460834684861,1.52573564658472
"C_605",1.46426153828137,1.53865631172856
"C_606",1.47085069589868,1.56026022084087
"C_607",1.47414528482034,1.57106217476196
"C_608",1.46067325927967,1.59889057456306
"C_609",1.46021083590385,1.61611812706552
"C_610",1.45986401707139,1.62903879129849
"C_611",1.47003683901943,1.65067743413916
"C_612",1.47685727702847,1.66366756460473
"C_613",1.50948335128558,1.68612692324253
"C_614",1.53474213455799,1.67990968044395
"C_615",1.52955261231793,1.75307399293971
"C_616",1.50805068548521,1.75286562711688
"C_617",1.52768886347998,1.81985159707121
"C_618",1.54560725273142,1.82002522466238
"C_619",1.5672243079677,1.81594820921715
"C_620",1.58514269147318,1.81612181198314
"C_621",1.56186386548998,1.75121153268361
"C_622",1.57983933775337,1.74925322841177
"C_623",1.61600241095294,1.74678182357602
"C_624",1.64126070293938,1.74058602164421
"C_625",1.66628849828518,1.7429824408016
"C_626",1.68796425675575,1.73670881911304
"C_627",1.72554968473453,1.73198934658297
"C_628",1.74710931900042,1.7300441035363
"C_629",1.86295782276526,1.6580156093323
"C_630",1.95950502117536,1.64139475096715
"C_631",1.95628946421254,1.62628561277959
"C_632",1.95310917542752,1.61119835531958
"C_633",1.9502549650192,1.58527961257426
"C_634",1.94343340197468,1.57231112602573
"C_635",1.94033329306004,1.55289509422432
"C_636",1.93713175881035,1.53994009244432
"C_637",1.93059933838706,1.51618283973832
"C_638",1.92738386015472,1.50107369745267
"C_639",1.85977881607413,1.64288527355996
"C_640",1.80787488227764,1.6468847340969
"C_641",1.78278954927591,1.64664188506532
"C_642",1.75758873541066,1.65070590386216
"C_643",1.72897752220984,1.64827486491582
"C_644",1.6929680678663,1.65438816608276
"C_645",1.67140858248796,1.65633336913775
"C_646",1.64242431969636,1.67449090933702
"C_647",1.59942078788474,1.67407433332161
"C_648",1.57416205712161,1.68029163369772
"C_649",1.58597263765338,1.59280271011409
"C_650",1.65752614390173,1.59390511141485
"C_651",1.68623078007563,1.59418312344559
"C_652",1.70779013263272,1.59223790838578
"C_653",1.74015801881872,1.58824333269722
"C_654",1.77246814291296,1.58640216522682
"C_655",1.79402746387439,1.5844568848462
"C_656",1.84036357709382,1.57420002657997
"C_657",1.83712632656872,1.56124466753258
"C_658",1.83406225695042,1.54182897205694
"C_659",1.80847709071177,1.52012742516533
"C_660",1.79055921589072,1.5199539653761
"C_661",1.75830704316066,1.51964170941586
"C_662",1.7331065312732,1.52370570858888
"C_663",1.69709751567048,1.52981901787878
"C_664",1.67548053463595,1.53391767050907
"C_665",1.62111348406532,1.48544292848429
"C_666",1.62770293869084,1.50704680378865
"C_667",1.62024695630774,1.51774459946687
"C_668",1.57198491815366,1.57974316421383
"C_669",1.5761462974131,1.55824343974957
"C_670",1.56972968050757,1.53020075461666
"C_671",1.57007693421814,1.51725855292839
"C_672",1.55291024662691,1.48909016486139
"C_673",1.54608982469843,1.47610005109634
"C_674",1.54361582805103,1.44940950337385
"C_675",1.54771942658377,1.43006322575226
"C_676",1.54454037065887,1.4149543898629
"C_677",1.61793430455861,1.47033410067022
"C_678",1.64937961357572,1.44726775312227
"C_679",1.68521510386026,1.44761483733929
"C_680",1.72116609133097,1.44365498629589
"C_681",1.74260963731993,1.44601663329278
"C_682",1.76780995515724,1.44195262446279
"C_683",1.78936897435891,1.44000734576089
"C_684",1.80367454854291,1.41313462372048
"C_685",1.68238933315361,1.36452905935349
"C_686",1.70400306771929,1.36053807133167
"C_687",1.74725073246153,1.35313782312246
"C_688",1.76863636036678,1.35765289510784
"C_689",1.79737401192298,1.38074202417082
"C_690",1.80078377163612,1.38725858680763
"C_691",1.90832746304969,1.36682407428813
"C_692",1.90027818034343,1.38897550372509
"C_693",1.90351545950981,1.40193085728509
"C_694",1.91010545633964,1.42353467155741
"C_695",1.91334275808019,1.43649002382347
"C_696",1.88409968814699,1.18748414128824
"C_697",1.8770617651698,1.14648993998999
"C_698",1.843819104466,1.10293731526077
"C_699",1.83353057828965,1.08560568821381
"C_700",1.8146941410023,1.05821826825957
"C_701",1.78443370889034,1.01307893506096
"C_702",1.76709462958256,0.991349470952606
"C_703",1.73860466527419,0.959065097381249
"C_704",1.71753050233716,0.941628983936274
"C_705",1.3565754229457,0.741965949080507
"C_706",1.38495278547373,0.753011129212133
"C_707",1.42553773620631,0.764605427905372
"C_708",1.46320757896224,0.77530981042187
"C_709",1.49490148811429,0.797674015660996
"C_710",1.55204631916468,0.807920819206556
"C_711",1.57035209852695,0.825653336464949
"C_712",1.60564417691795,0.847513777902194
"C_713",1.60645623296936,0.849309469394949
"C_714",1.62653019129929,0.869277704636914
"C_715",1.65823860472227,0.891124903579703
"C_716",1.68202618696701,0.912959972850237
"C_717",1.81155398518856,0.885199732804055
"C_718",1.83731124035127,0.913795774717485
"C_719",1.86063299446125,0.939654173080164
"C_720",1.88980297907642,0.971988085117266
"C_721",1.91908088282924,1.00966494205965
"C_722",1.94624350781364,1.04469341423256
"C_723",1.96623952896628,1.06894711863439
"C_724",1.97565640493776,1.70617112694612
"C_725",2.02938916894786,1.70884492154826
"C_726",2.05079750350251,1.7112059933215
"C_727",2.08663393253345,1.71155257849128
"C_728",2.11166176691014,1.71394860731395
"C_729",2.13310596827637,1.71630996403961
"C_730",2.15813382561073,1.71870595222363
"C_731",2.20117341533683,1.71912203391302
"C_732",2.21894051983858,1.72360178396257
"C_733",2.24396841594515,1.72599769707515
"C_734",2.26188666085938,1.72617087416617
"C_735",2.3157566507575,1.72238344477815
"C_736",2.34451929165786,1.72050735013673
"C_737",2.34451929165786,1.72050735013673
"C_738",2.40176421227534,1.72321437576492
"C_739",2.40176421227534,1.72321437576492
"C_740",2.42658408553967,1.73204858897346
"C_741",2.467454745479,1.74118857268522
"C_742",2.48889908897316,1.7435496627662
"C_743",2.38671570972958,1.80737669711246
"C_744",2.36172341797431,1.80498125429241
"C_745",2.3403365982264,1.80046662166726
"C_746",2.31879871020713,1.8002585197803
"C_747",2.25796971236546,1.79751669098442
"C_748",2.25796971236546,1.79751669098442
"C_749",2.23294163938192,1.79512078932503
"C_750",2.23294163938192,1.79512078932503
"C_751",2.14303807962603,1.79117145821776
"C_752",2.23920851983726,1.82749141139005
"C_753",2.23895614562412,1.83825898865948
"C_754",2.23071533972765,1.87695139675629
"C_755",2.22682160434634,1.88983778083078
"C_756",2.26583890977863,1.90529290579589
"C_757",2.28372162985574,1.90546572451625
"C_758",2.31967399855878,1.90150512822199
"C_759",2.3411762610737,1.90171288432029
"C_760",2.59612048493245,2.18848174896076
"C_761",2.59907174525857,2.21351820469488
"C_762",2.60063555341394,2.25290846332384
"C_763",2.61240438239089,2.27395896166882
"C_764",2.49908436744048,2.30097470116369
"C_765",2.47172263302733,2.26247694020842
"C_766",2.46692852064895,2.16696525021366
"C_767",2.2097963432945,2.18703333390182
"C_768",2.19164667759298,2.19547390177049
"C_769",2.0571127273301,2.20479230646141
"C_770",2.07526251846552,2.19635182490285
"C_771",2.08525386745922,2.16728324848784
"C_772",2.06762326500776,2.15634273070127
"C_773",2.00109868823981,2.15470844180732
"C_774",2.02408952743027,2.13683720871881
"C_775",2.03865543702835,2.12836208441555
"C_776",2.2602002363163,2.17890449064839
"C_777",2.12094085798735,1.6364942016063
"C_778",2.14596851877474,1.63889019952051
"C_779",2.18174704887184,1.64139011014139
"C_780",2.37412039618255,1.55062705520117
"C_781",2.37022696925114,1.56351346340449
"C_782",2.4090922196418,1.5832749382948
"C_783",2.4340404595144,1.58997792375027
"C_784",2.46953093536227,1.60324470911232
"C_785",2.49085981752862,1.60991269093773
"C_786",2.52247891527328,1.63391204205626
"C_787",2.52207584564714,1.64898617359511
"C_788",2.45705227018592,1.66774429823878
"C_789",2.43560809182525,1.66538318498752
"C_790",2.39262632037839,1.66281401106342
"C_791",2.37482340689138,1.65833402288385
"C_792",2.3390806038094,1.65583470001413
"C_793",2.30326614624686,1.65333463984797
"C_794",2.26390392007482,1.65080024752682
"C_795",2.24249565956858,1.64843933591098
"C_796",2.20315528015697,1.64375106716479
"C_797",2.25976958912016,1.53875210180688
"C_798",2.25586198863278,1.54948435438572
"C_799",2.20528823754799,1.56407354966805
"C_800",2.18731262522456,1.56605378498863
"C_801",2.14058877336642,1.57206406865024
"C_802",2.11897187479079,1.57616305753139
"C_803",2.07547149377698,1.59297442344057
"C_804",2.07152000199242,1.6080142343968
"C_805",1.97282282134278,1.67814166434844
"C_806",1.96883530908358,1.69318111247839
"C_807",1.8624531793695,1.68754211824678
"C_808",1.87291549278057,1.69841339551905
"C_809",1.87262690468718,1.70918062163161
"C_810",1.88661518059565,1.72224002203701
"C_811",1.87419704014364,1.79102642022927
"C_812",1.89577864858321,1.78692727353686
"C_813",1.9213382832207,1.78687305080428
"C_814",1.94638812593314,1.78711543316129
"C_815",1.98059472309807,1.78542161740456
"C_816",1.9913457277883,1.785525624546
"C_817",2.02695419545915,1.7877009813017
"C_818",2.04489438764058,1.78572050294089
"C_819",2.07831237170851,1.7907178935011
"C_820",2.09266888983572,1.78870272741878
"C_821",2.12508388812022,1.79099785940514
"C_822",2.09696108151649,1.82518997322735
"C_823",2.09696108151649,1.82518997322735
"C_824",2.10008339442957,1.84245219411352
"C_825",2.10008339442957,1.84245219411352
"C_826",2.03244614140686,1.85700531571557
"C_827",2.01446998570976,1.85898543882313
"C_828",1.98215904537971,1.86082687550397
"C_829",1.96063501578126,1.8627726413913
"C_830",1.93361741893672,1.86238199222645
"C_831",1.91209337747018,1.86432772145403
"C_832",1.88545744631759,1.86842104740699
"C_833",1.86398648691186,1.86838557084712
"C_834",2.03679561946597,1.93015426118984
"C_835",2.01523561737111,1.9320997208256
"C_836",1.99009188746422,1.93401049554399
"C_837",1.96853186900605,1.93595591978842
"C_838",1.93622067971317,1.93779730301025
"C_839",1.91830207544272,1.93762391951491
"C_840",1.89111213126094,1.93964404710043
"C_841",1.86955208344259,1.94158939641814
"C_842",1.84290660541451,1.94335626717576
"C_843",1.83463153473493,1.87228021324018
"C_844",1.81667721006278,1.87210641966882
"C_845",1.75062482706672,1.885015634306
"C_846",1.75091355030324,1.87424841147599
"C_847",1.74784955907522,1.85483271130296
"C_848",1.7445545965547,1.84403078903435
"C_849",1.73041020828889,1.80471250225137
"C_850",1.75196999403971,1.80276725644824
"C_851",1.77717118279534,1.79870324507802
"C_852",1.79514727650866,1.79672327103561
"C_853",1.82751577377413,1.79272860012398
"C_854",1.84911135388876,1.79078362760385
"C_855",1.79733812346938,1.72837639951906
"C_856",1.7758362397051,1.72816823569089
"C_857",1.62105916641028,1.81216174806735
"C_858",1.60317662559905,1.81198851507583
"C_859",1.6185222557103,1.85327864673159
"C_860",1.61459192852012,1.86616459621474
"C_861",1.60337864285515,1.88328799960351
"C_862",1.59586458007741,1.89613922856173
"C_863",1.58811938274278,1.91760423135182
"C_864",1.59499791924692,1.92844088897646
"C_865",1.60765103058138,1.95118050623102
"C_866",1.61811333725208,1.962051874916
"C_867",1.63562758993902,1.97729955557114
"C_868",1.65325742628219,1.98824033739064
"C_869",1.77102310396999,1.94912241782418
"C_870",1.79261902228269,1.94717749008676
"C_871",1.82493026421916,1.94533626975665
"C_872",1.84664923614115,2.00700021419898
"C_873",1.8219452478927,1.99383707377522
"C_874",1.80768991897136,1.98939107399995
"C_875",1.67648373743434,2.00035539200226
"C_876",1.68336242110315,2.01119202851843
"C_877",1.70789300714788,2.03081562062593
"C_878",1.71493816510639,2.03945677764459
"C_879",1.77671636708917,2.08171336985361
"C_880",1.79087823373093,2.08831248288011
"C_881",1.81203446713336,2.10144130602764
"C_882",1.82255487239269,2.11015915620194
"C_883",1.84735270249317,2.12116919892573
"C_884",1.86145694504492,2.12992172182189
"C_885",1.88272879252754,2.13874360403263
"C_886",1.89683308921795,2.14749610960343
"C_887",1.91798957916232,2.16062485506777
"C_888",1.93215164501313,2.16722389872475
"C_889",1.98289121229338,2.16530232139756
"C_890",2.25891214223624,2.03015814199838
"C_891",2.26215006215842,2.04311345269107
"C_892",2.26163188422054,2.06247293149764
"C_893",2.26124963251063,2.07541479496859
"C_894",2.37590852594112,2.07867667785096
"C_895",2.45819452624964,2.05793144629011
"C_896",2.46874225147558,2.09915322161216
"C_897",2.46828147804401,2.11638079349838
"C_898",2.5949483244095,2.13578353298982
"C_899",2.59778946522078,2.1635975901499
"C_900",2.47090282951461,2.15239949265619
"C_901",2.47080164038302,1.88142495866361
"C_902",2.47116896221226,1.86635048464249
"C_903",2.47145693190843,1.85558325028609
"C_904",2.47042023739598,1.89434529354454
"C_905",2.46229666931967,2.0385850373101
"C_906",2.37171274917065,2.10017617290747
"C_907",2.37136704758856,2.11309685000847
"C_908",2.36379279629584,2.1429643161711
"C_909",2.34928475275634,2.14928616162771
"C_910",2.31811743073527,2.15792413947396
"C_911",2.30719313993992,2.16428059101383
"C_912",2.2747089521761,2.17256115669048
"C_913",2.24673484190682,2.0993993472185
"C_914",2.22130250173013,2.1120775522251
"C_915",2.1603660858753,2.11194082894217
"C_916",2.14012963268685,2.09925195975255
"C_917",2.12596752485768,2.09265301877079
"C_918",2.1048467435811,2.07952477276061
"C_919",2.09070652315122,2.07077202254234
"C_920",2.15220890479882,2.04039214413442
"C_921",2.16677457249537,2.03191695254728
"C_922",2.1922067797095,2.0192387947206
"C_923",2.2103919698743,2.01079857019741
"C_924",2.23578823406958,1.99812002637417
"C_925",2.1216515261245,1.97405495464406
"C_926",2.11118867348276,1.96318376768464
"C_927",2.09719978887182,1.950124476208
"C_928",2.08309558812583,1.94137206897426
"C_929",2.03304632306522,2.00053236433911
"C_930",2.01848059116368,2.00900748749144
"C_931",1.99495155766152,2.02021764004055
"C_932",1.9804434646151,2.02653929826039
"C_933",1.94801658349882,2.03268758324116
"C_934",1.9300182344038,2.03682144281567
"C_935",1.89959740140197,2.03766869535644
"C_936",1.88190949892372,2.02888150894081
"C_937",1.86433707094712,2.01578742222704
"C_938",2.24671239081208,1.99176360068953
"C_939",2.37886866713377,1.96669712254602
"C_940",2.37701336773237,1.90205910848383
"C_941",2.39498953246299,1.90007875714159
"C_942",2.4108550246593,2.25973507700358
"C_943",2.38917916923542,2.26598770739081
"C_944",2.3568099670332,2.2699614726404
"C_945",2.33513405783002,2.27621406164664
"C_946",2.29548127473017,2.28444692979763
"C_947",2.27386293735692,2.28854602619611
"C_948",2.24501866966571,2.29475081205434
"C_949",2.21975936932232,2.30094714054182
"C_950",2.1609600365605,2.30128342030275
"C_951",2.15419656438899,2.28611847238431
"C_952",2.14032194944282,2.26877384624407
"C_953",2.13355795165556,2.25363042782481
"C_954",2.17859769317221,2.23164270419506
"C_955",2.20738359383593,2.22761296438194
"C_956",2.23622711862094,2.22142974983632
"C_957",2.25790354738713,2.21515570093878
"C_958",2.30098880540855,2.21126405913039
"C_959",2.32264223159785,2.2071868217534
"C_960",2.35142858587529,2.20313540145884
"C_961",2.37665173002353,2.1969386080947
"C_962",2.37621838235119,2.06575565414747
"C_963",2.37621838235119,2.06575565414747
"C_964",2.37667930613187,2.04852808396041
"C_965",2.37717606549505,2.03130085975611
"C_966",2.37765876261078,2.01191949657848
"C_967",2.37794683635039,2.00115226481168
"C_968",2.37858059586224,1.97746435460055
"C_969",2.52469981688901,1.7438953525167
"C_970",2.54614417976799,1.74625639968099
"C_971",2.60016170681993,1.74901802735573
"C_972",2.60039197074112,1.74040423754183
"C_973",2.60075909490916,1.72532975930345
"C_974",2.60331149277072,1.69287202883601
"C_975",2.60365745722533,1.67992980903239
"C_976",2.61521423315682,1.6498853142238
"C_977",2.61920078579185,1.63484577012677
"C_978",2.61619278324456,1.61327670376693
"C_979",2.62029444051803,1.59393026356518
"C_980",2.60017436176242,1.54203997590207
"C_981",2.61419917719819,1.55509937089329
"C_982",2.76057575454261,1.69654360437243
"C_983",2.76092094640022,1.68362291612981
"C_984",2.74629378262605,1.65418736106216
"C_985",2.75022261226972,1.64130124576566
"C_986",2.75443909555681,1.61764788911519
"C_987",2.75489993119967,1.60039876946972
"C_988",2.75576233866103,1.5681185811435
"C_989",2.75966942695115,1.55738625747042
"C_990",2.76754923396803,1.52943869166265
"C_991",2.76789383305284,1.51653953622561
"C_992",2.77222527618348,1.48857927767317
"C_993",2.77618984286061,1.47569350248726
"C_994",2.79857575023361,1.44144538807943
"C_995",2.81329091041594,1.42866330410088
"C_996",2.64758928572704,1.4565098039526
"C_997",2.64758928572704,1.4565098039526
"C_998",2.64758928572704,1.4565098039526
"C_999",2.62589354537533,1.4649164213962
"C_1000",2.67533389385113,1.42026719787114
"C_1001",2.67533389385113,1.42026719787114
"C_1002",2.67937781151358,1.4030741938012
"C_1003",2.63514440645754,1.31728414097246
"C_1004",2.65313062826253,1.3215934185919
"C_1005",2.69955882009463,1.24744831059407
"C_1006",2.68033690256373,1.24243785581386
"C_1007",2.70192592656116,1.33190809639004
"C_1008",2.72160467218749,1.33726758389235
"C_1009",2.74390499494694,1.34110146770313
"C_1010",2.7635130929066,1.34508168222841
"C_1011",2.76013490615537,1.27698257821077
"C_1012",2.7666016864662,1.26569336486553
"C_1013",2.76961108647016,1.24159755521228
"C_1014",2.72362560249914,0.757192258333748
"C_1015",2.67309223874699,0.771782661014371
"C_1016",2.64011594146414,0.797312457398568
"C_1017",2.61422745302448,0.827197101165939
"C_1018",2.62382583029681,0.870391376588202
"C_1019",2.60854978673167,0.906861999120028
"C_1020",2.55428176046491,0.925702612476081
"C_1021",2.51704544988047,0.983178102488995
"C_1022",2.44590532569575,0.879658919822471
"C_1023",2.48847014575702,0.842741099564448
"C_1024",2.42508859495782,0.851218855421938
"C_1025",2.35946253626675,0.817650154931487
"C_1026",2.35946253626675,0.817650154931487
"C_1027",2.29522355824172,0.828704143905695
"C_1028",2.23529979118273,0.797710445578612
"C_1029",2.25187885376529,0.85589957989956
"C_1030",2.28854791406936,0.890653426335238
"C_1031",2.31537664399797,0.930158648739189
"C_1032",2.34546623643569,0.960325430834347
"C_1033",2.30578697259623,0.992510573303053
"C_1034",2.275094157607,1.01569261181257
"C_1035",2.17530019055018,1.06948278671213
"C_1036",2.126673801497,1.0877309322642
"C_1037",2.06879579752417,1.10879742549439
"C_1038",2.00594877757927,1.11999347269314
"C_1039",1.97567735206196,1.29464886011605
"C_1040",1.95758677580701,1.30093584571106
"C_1041",1.92745684148687,1.32177509402943
"C_1042",1.92352711263572,1.33466109397507
"C_1043",1.91225722374339,1.35393807685718
"C_1044",2.33660479052674,1.42550470872257
"C_1045",2.35807022514192,1.42571210053208
"C_1046",2.40451933722528,1.43262283216496
"C_1047",2.4260206242799,1.43283051910995
"C_1048",2.46867765706181,1.4461665294129
"C_1049",2.49012138799334,1.44852761573121
"C_1050",2.53300888003586,1.45324974018336
"C_1051",2.55794336554066,1.45777694246243
"C_1052",2.55745918786241,1.53085760758532
"C_1053",2.52532210429388,1.52623932287958
"C_1054",2.49327847221755,1.51946790072398
"C_1055",2.46472503058531,1.51488415273367
"C_1056",2.41457672729679,1.51224579719228
"C_1057",2.39313288216694,1.50988465360462
"C_1058",2.29013396514628,1.4207476602168
"C_1059",2.27221625042687,1.42057450370986
"C_1060",2.22198901113117,1.42224305239615
"C_1061",2.20048775258833,1.4220352118827
"C_1062",2.15742758314774,1.42377292883813
"C_1063",2.03136505808347,1.49992566246006
"C_1064",2.05645004316598,1.50016829111943
"C_1065",2.10315178345493,1.49631193621478
"C_1066",2.12471085703968,1.49436640455007
"C_1067",2.16416593980567,1.49474788568956
"C_1068",2.20011691701116,1.49078743136925
"C_1069",2.24308388634515,1.4912027519194
"C_1070",2.26805359161346,1.49575208798419
"C_1071",2.13592632344768,1.42356503968225
"C_1072",2.08922492467544,1.42742145027457
"C_1073",2.06410427998895,1.42717850477195
"C_1074",2.02466344905887,1.42895102609539
"C_1075",1.99957863846205,1.42870837040771
"C_1076",1.88710604653899,1.20905328212191
"C_1077",2.06531909504093,1.31490201828238
"C_1078",2.44882484530759,1.37360027023173
"C_1079",2.4869537935268,1.38200293301272
"C_1080",2.52768485649887,1.38424867837708
"C_1081",2.541961408035,1.38654052372649
"C_1082",2.63848600029046,1.39610984614162
"C_1083",2.60265063900298,1.39576395966761
"C_1084",2.5883740607665,1.39347214453372
"C_1085",2.57051395476566,1.39114572760535
"C_1086",2.57051395476566,1.39114572760535
"C_1087",2.5526544327151,1.38879776505105
"C_1088",2.39506583979722,1.37598891341092
"C_1089",2.13629432568666,1.20633727879532
"C_1090",2.14574567709911,1.32457579522681
"C_1091",2.18140781741852,1.33138259428573
"C_1092",2.18140781741852,1.33138259428573
"C_1093",2.24056577624098,1.34690323151546
"C_1094",2.28465991341769,1.35607464271694
"C_1095",2.33577783693553,1.36531385074831
"C_1096",3.85049419221002,1.09321120370548
"C_1097",3.85049419221002,1.09321120370548
"C_1098",3.85035658463124,1.09299448110147
"C_1099",3.94839086762655,1.12794804132414
"C_1100",3.94839086762655,1.12794804132414
"C_1101",3.95699103475765,1.11321111091608
"C_1102",3.96847795327204,1.10718253671004
"C_1103",3.98384086839193,1.0969262593183
"C_1104",4.0097102485049,1.0824628692622
"C_1105",3.99617140696754,1.0713043505221
"C_1106",3.98447159635562,1.05973268751533
"C_1107",3.9707127282678,1.0514584070002
"C_1108",3.90212542376849,1.02387451125689
"C_1109",3.41052845017889,0.89499057269753
"C_1110",2.96119064128952,1.58022348216789
"C_1111",2.96119064128952,1.58022348216789
"C_1112",2.9581461007365,1.55865410179106
"C_1113",2.9581461007365,1.55865410179106
"C_1114",2.97709938858712,1.52004321342609
"C_1115",2.98100565301679,1.50933239222559
"C_1116",2.98842438627292,1.49863388790859
"C_1117",2.88432275739361,1.46402779454374
"C_1118",2.88045167115887,1.47476048243069
"C_1119",2.86557816517044,1.49615708659523
"C_1120",2.85803012511458,1.50900831574585
"C_1121",2.8502878545681,1.5304736826068
"C_1122",2.8463597692924,1.54333827911499
"C_1123",2.84197041276469,1.57347353178923
"C_1124",2.84168284242846,1.58424077412388
"C_1125",2.95688132231986,1.60602997593282
"C_1126",2.96017806018991,1.61681023200116
"C_1127",2.9522412128126,1.64691130050613
"C_1128",2.9522412128126,1.64691130050613
"C_1129",2.93758397791469,1.65751847029856
"C_1130",2.93758397791469,1.65751847029856
"C_1131",2.83750241011435,1.60789449096335
"C_1132",2.84079844832391,1.61869629459855
"C_1133",2.837336135985,1.65304079182099
"C_1134",2.83699104151677,1.66596148181386
"C_1135",2.83668178229553,1.67888251728211
"C_1136",2.88571399346915,1.70455719619138
"C_1137",2.90727336441188,1.70261107521765
"C_1138",3.2040948646379,1.43176232006997
"C_1139",3.2253670186726,1.44056166974958
"C_1140",3.26457743998562,1.44742282278032
"C_1141",3.28281874102793,1.43680691684678
"C_1142",3.30841978215239,1.41768892792679
"C_1143",3.3784573442189,1.4621755808931
"C_1144",3.34183956670319,1.48982512977343
"C_1145",3.34505654365139,1.50495565850829
"C_1146",3.3725645663662,1.5272559040466
"C_1147",3.39383648802183,1.5360766639467
"C_1148",3.42570917699393,1.54928589493858
"C_1149",3.43981284852748,1.55808071327452
"C_1150",3.46811577833396,1.57343108567707
"C_1151",3.48580484591385,1.58219576038571
"C_1152",3.51636871879342,1.59879561954449
"C_1153",3.53045214859017,1.60970111989827
"C_1154",3.58206727271106,1.59363333801266
"C_1155",3.56809853433346,1.57842096134485
"C_1156",3.55327045066786,1.55510126160292
"C_1157",3.54289970194219,1.542077484473
"C_1158",3.65467342979109,1.52559737634454
"C_1159",3.64083311911904,1.50825380705109
"C_1160",3.63050533111979,1.49092246960285
"C_1161",3.62013454774096,1.47789871976514
"C_1162",3.60616648073713,1.46266482653768
"C_1163",3.59570199155027,1.45181570881102
"C_1164",3.58550393692861,1.43231005887528
"C_1165",3.57503949994927,1.4214609336488
"C_1166",3.54356855823726,1.37299470624028
"C_1167",3.54356855823726,1.37299470624028
"C_1168",3.54356855823726,1.37299470624028
"C_1169",3.55394659792083,1.36286302519185
"C_1170",3.55394659792083,1.36286302519185
"C_1171",3.55394659792083,1.36286302519185
"C_1172",3.58148088287481,1.34649897341361
"C_1173",3.59246030220802,1.33801010490923
"C_1174",3.60698738643322,1.32955535230785
"C_1175",3.62516905901866,1.32115727849913
"C_1176",3.55083076969308,1.26318887797015
"C_1177",3.52559327697376,1.27811027454498
"C_1178",3.47516402987952,1.30353773520118
"C_1179",3.46421866541897,1.31209150679727
"C_1180",3.39356231710619,1.24377582655582
"C_1181",3.37934373992042,1.23930942184279
"C_1182",3.4586377679966,1.22290515714599
"C_1183",3.46982570223685,1.20793479234224
"C_1184",3.50075426250025,1.17447915387087
"C_1185",3.51141621436308,1.1657934012959
"C_1186",3.50457200768087,1.11997652459489
"C_1187",3.47607715654627,1.11321880499383
"C_1188",3.45897814142864,1.08503068617292
"C_1189",3.47365556412359,1.07226944107479
"C_1190",3.50701018425129,1.03383985101436
"C_1191",3.52847426632085,1.034067892816
"C_1192",3.52847426632085,1.034067892816
"C_1193",3.58673292874985,1.05914086386697
"C_1194",3.61168874535308,0.879801627478902
"C_1195",3.60376124696959,0.873306452609095
"C_1196",3.59053268385313,0.866674128469814
"C_1197",3.52501895956499,0.801833072767854
"C_1198",3.48784937565348,0.631007589480653
"C_1199",3.51262336459949,0.644191518177613
"C_1200",3.57672093302358,0.6598861652341
"C_1201",3.55158057914805,0.661798335639747
"C_1202",3.55158057914805,0.661798335639747
"C_1203",3.59770451143439,0.679474030600922
"C_1204",3.61192298966857,0.683918790077432
"C_1205",3.64018796441682,0.699268644888338
"C_1206",3.65434915175584,0.705866835729458
"C_1207",3.73017227496296,0.685034285214403
"C_1208",3.71919252541323,0.693566283957806
"C_1209",3.66814427950019,0.727561065267687
"C_1210",3.66423903618951,0.738271991755144
"C_1211",3.66048371603502,0.744697892059233
"C_1212",3.65173968380241,0.822717979100994
"C_1213",3.71258976657349,0.837928744161556
"C_1214",3.71965730307605,0.844415621266388
"C_1215",3.72679708871767,0.850881651103944
"C_1216",3.7411262255487,0.855219708101381
"C_1217",3.75184881526305,0.861741713004736
"C_1218",3.75184881526305,0.861741713004736
"C_1219",3.81195237671235,0.8888567264185
"C_1220",3.8210748318269,0.893553963830973
"C_1221",3.8210748318269,0.893553963830973
"C_1222",3.56762072945686,0.918128288858811
"C_1223",3.59777869597428,0.956630386206612
"C_1224",3.63759551485194,0.977002468873404
"C_1225",3.67990854772679,1.00190036337933
"C_1226",3.72525139237854,1.03686497598641
"C_1227",3.7534816633993,1.05221437648681
"C_1228",3.77471710668461,1.06103450739609
"C_1229",3.6670385626091,1.10833515135335
"C_1230",3.64944504227032,1.09735287898596
"C_1231",3.60074403609475,1.07004564070321
"C_1232",3.71202432792761,1.13922528146676
"C_1233",3.70789393877487,1.15434975303302
"C_1234",3.67373439367985,1.18667600523447
"C_1235",3.65206813252028,1.19941322794504
"C_1236",3.60523738201801,1.22702952284187
"C_1237",3.58344798611539,1.23765458663984
"C_1238",3.64016825727172,1.31247010907566
"C_1239",3.65533457091058,1.30154437582887
"C_1240",3.66989681385958,1.29311146952226
"C_1241",3.68475374018347,1.28437982878245
"C_1242",3.69968288466186,1.27562733466483
"C_1243",3.71424448143258,1.26721593969609
"C_1244",3.73244744717798,1.2566639999093
"C_1245",3.74703162404295,1.24605572249433
"C_1246",3.8016944339913,1.21909605051143
"C_1247",3.80897544037368,1.21487956008545
"C_1248",3.82374633317641,1.19994349250164
"C_1249",3.83830944086426,1.19146742912179
"C_1250",3.83830944086426,1.19146742912179
"C_1251",3.85298655034583,1.17870598813781
"C_1252",3.85298655034583,1.17870598813781
"C_1253",3.84818540583506,1.22173990982982
"C_1254",3.86211882222916,1.23693027393153
"C_1255",3.79699190196919,1.28265855735711
"C_1256",3.75372310587207,1.30169331674566
"C_1257",3.74292902827219,1.30591910300726
"C_1258",3.73202029034571,1.3144517884382
"C_1259",3.72120527087661,1.32080982793491
"C_1260",3.71393677422958,1.32724503921729
"C_1261",3.70317848882028,1.33147115463855
"C_1262",3.68147612140856,1.34420805243057
"C_1263",3.66699809618642,1.35486039724236
"C_1264",3.65254154850368,1.36335893852126
"C_1265",3.63307770129222,1.38759815977233
"C_1266",3.61871655915629,1.39385743869898
"C_1267",3.60077733789909,1.3958389121833
"C_1268",3.60077733789909,1.3958389121833
"C_1269",3.64977853469299,1.44154420718556
"C_1270",3.66794718766514,1.43094889819376
"C_1271",3.67890512497098,1.42461379291903
"C_1272",3.70508250830542,1.40939973748267
"C_1273",3.71961074908282,1.40090185898042
"C_1274",3.75673869796929,1.38096806261907
"C_1275",3.76764748680209,1.37243536839265
"C_1276",3.69591112004108,1.33786329216127
"C_1277",3.79290519717695,1.35540303094456
"C_1278",3.89155313586744,1.31348631720948
"C_1279",3.89408318027763,1.248028944006
"C_1280",3.89408318027763,1.248028944006
"C_1281",3.89408318027763,1.248028944006
"C_1282",3.89408318027763,1.248028944006
"C_1283",3.90805662386251,1.25363435763468
"C_1284",3.90805662386251,1.25363435763468
"C_1285",3.57868074747235,1.63599153327743
"C_1286",3.59677094135849,1.62970351942178
"C_1287",3.71669126673109,1.62096976512799
"C_1288",3.70630533361951,1.60581344080395
"C_1289",3.69604958538104,1.58846128165424
"C_1290",3.68202277294661,1.5754239454505
"C_1291",3.6754074595442,1.55597431773666
"C_1292",3.66854904922458,1.54296281807403
"C_1293",3.52835550375784,1.52156070505371
"C_1294",3.51797052035987,1.50638277869758
"C_1295",3.50418784095427,1.4868856935767
"C_1296",3.49753765621803,1.46741414626901
"C_1297",3.46174005664306,1.43066705598043
"C_1298",3.44029612929629,1.42830669866706
"C_1299",3.40030367561424,1.44944029758227
"C_1300",3.32662514993062,1.40707264823987
"C_1301",3.35361844870494,1.38816188303971
"C_1302",3.37184470997172,1.37541331288246
"C_1303",3.40061887715357,1.36095689185085
"C_1304",3.41859820286537,1.3480551351483
"C_1305",3.32530440806227,1.24955922726698
"C_1306",3.31423104391419,1.26022263278023
"C_1307",3.19223112832031,1.3390043762192
"C_1308",3.18483432840489,1.34754914138771
"C_1309",3.17715030570597,1.36686115380278
"C_1310",3.17327898740842,1.3776154184659
"C_1311",3.16046203416657,1.41600552926242
"C_1312",3.14630077224731,1.40938555852337
"C_1313",3.07257542079125,1.31374829398026
"C_1314",3.06861128939968,1.32663411411913
"C_1315",3.06089123036125,1.34594574906752
"C_1316",3.05349431699505,1.35449047956318
"C_1317",3.03805464436096,1.3930922030185
"C_1318",3.02013695811257,1.39291951625416
"C_1319",2.99190743935279,1.37754786033981
"C_1320",2.97763079681064,1.37525623955945
"C_1321",2.94191104791153,1.37058234656756
"C_1322",2.92414480363895,1.36608151260706
"C_1323",2.8956490887697,1.35934474747732
"C_1324",2.88137306854729,1.35703154429039
"C_1325",2.84559591684317,1.35451098017859
"C_1326",2.83143436827903,1.3479123889627
"C_1327",2.88943768942712,1.42819142152205
"C_1328",2.89579679172536,1.44106905919914
"C_1329",3.00444263781501,1.47328488879309
"C_1330",3.01189715593662,1.46258672324505
"C_1331",3.02297105170765,1.45192343943324
"C_1332",3.10765476779739,1.47944913125532
"C_1333",3.10765476779739,1.47944913125532
"C_1334",3.10346077868559,1.50094875234972
"C_1335",3.10346077868559,1.50094875234972
"C_1336",3.08446970930634,1.52756156224146
"C_1337",3.08056354499994,1.53827239798701
"C_1338",3.08025402271443,1.55121497342866
"C_1339",3.04357765902849,1.58101758102008
"C_1340",3.02562380993311,1.5808445505987
"C_1341",3.13556974535034,1.65979272077725
"C_1342",3.24810861527346,1.57437194180747
"C_1343",3.26576108500121,1.58315794128631
"C_1344",3.38678596529758,1.62576609322702
"C_1345",3.38678596529758,1.62576609322702
"C_1346",3.43407092508947,1.64575798189591
"C_1347",3.4272514515184,1.72409804413454
"C_1348",3.42724226863322,1.72444259616615
"C_1349",3.42724226863322,1.72444259616615
"C_1350",3.45239547741026,1.68851895108586
"C_1351",3.33529467525184,1.67078451055278
"C_1352",3.33529467525184,1.67078451055278
"C_1353",3.39605853782215,1.67057243471479
"C_1354",3.60676986915773,1.69706917862487
"C_1355",3.60676986915773,1.69706917862487
"C_1356",3.60676986915773,1.69706917862487
"C_1357",3.64934038619722,1.70971329777544
"C_1358",3.68947097034937,1.73187612392465
"C_1359",3.68947097034937,1.73187612392465
