id,x_coord,y_coord,bearing,q,time,node
1302,2.396766339,1.862536188,NA,0,NA,1
0,2.089524398,0.387051405,249,7,56,2
1,2.039882351,0.369657448,256,0,0,3
2,2.220209973,0.37666121,304,6,48,4
3,2.183344019,0.407754833,326,0,0,5
4,2.284937046,0.397518566,239,7,56,6
5,2.24229876,0.372120309,239,0,0,7
6,2.305255651,0.408909299,60,3,24,8
7,2.323650146,0.419145566,60,0,0,9
8,2.626736009,0.177169448,100,25,200,10
9,2.658984098,0.151386369,29,0,0,11
10,2.473884682,0.280917478,84,20,160,12
11,2.52737495,0.201336274,210,0,0,13
12,2.44456124,0.221577915,303,6,48,14
13,2.391994546,0.246822243,285,0,0,15
14,2.331346587,0.423455573,240,7,56,16
15,2.290478483,0.400751071,240,0,0,17
16,2.491509533,0.190176434,303,2,16,18
17,2.483582198,0.195563943,303,0,0,19
18,2.342044641,0.267371742,302,3,24,20
19,2.323804075,0.279147297,302,0,0,21
20,2.25746075,0.304699482,57,2,16,22
21,2.269928985,0.312472888,57,0,0,23
22,2.407464393,0.31424307,257,8,64,24
23,2.33958178,0.290614995,239,0,0,25
24,2.446562315,0.307008415,336,1,8,26
25,2.446562315,0.307008415,336,0,0,27
26,2.600491143,0.233507399,341,22,176,28
27,2.45972323,0.328943273,254,0,0,29
28,2.429245322,0.419992175,101,1,8,30
29,2.429245322,0.419992175,101,0,0,31
30,2.46895896,0.411603054,281,4,32,32
31,2.424242635,0.420992712,281,0,0,33
32,3.220054677,0.504191244,267,1,8,34
33,3.220054677,0.504191244,267,0,0,35
34,3.239680602,0.496648731,344,1,8,36
35,3.239680602,0.496648731,344,0,0,37
36,3.214667168,0.33587007,163,6,48,38
37,3.215128954,0.334253817,343,0,0,39
38,3.319800558,0.346106337,341,2,16,40
39,3.318492163,0.349877593,341,0,0,41
40,3.351202039,0.316782895,83,2,16,42
41,3.352356505,0.316936824,83,0,0,43
42,3.381833875,0.274606396,160,56,448,44
43,3.380679409,0.277992831,340,0,0,45
44,3.365440455,0.330020775,162,1,8,46
45,3.365440455,0.330020775,162,0,0,47
46,3.320416273,0.344336156,161,3,24,48
47,3.326265568,0.327096127,161,0,0,49
48,3.30433071,0.452009371,264,17,136,50
49,3.313104654,0.367887266,163,0,0,51
50,3.322571276,0.467556183,342,1,8,52
51,3.322571276,0.467556183,342,0,0,53
52,3.306485714,0.452240264,84,2,16,54
53,3.306485714,0.452240264,84,0,0,55
54,3.323417885,0.464939393,162,4,32,56
55,3.326804319,0.454395268,162,0,0,57
56,2.76573374,0.167471932,177,15,120,58
57,2.786206275,0.190330363,76,0,0,59
58,3.310333935,0.542750415,183,8,64,60
59,3.310487863,0.515735906,171,0,0,61
60,3.255689201,0.505807496,87,2,16,62
61,3.259075635,0.505961425,87,0,0,63
62,3.310795721,0.549215426,3,1,8,64
63,3.310795721,0.549215426,3,0,0,65
64,3.234677916,0.504960888,87,1,8,66
65,3.234677916,0.504960888,87,0,0,67
66,3.20650894,0.504114279,270,5,40,68
67,3.160869042,0.504114279,270,0,0,69
68,2.481196301,0.367502444,120,4,32,70
69,2.480349693,0.367964231,300,0,0,71
70,3.148400807,0.504191244,270,1,8,72
71,3.148400807,0.504191244,270,0,0,73
72,3.132007387,0.383741936,348,4,32,74
73,3.128620953,0.399904463,348,0,0,75
74,3.141550974,0.339487398,8,1,8,76
75,3.141550974,0.339487398,8,0,0,77
76,3.234831844,0.197488054,86,7,56,78
77,3.197350175,0.193639833,261,0,0,79
78,3.201044467,0.120061853,160,2,16,80
79,3.202583755,0.115751846,160,0,0,81
80,3.214667168,0.154926733,88,13,104,82
81,3.211511627,0.154849768,268,0,0,83
82,3.312258045,0.112057554,83,12,96,84
83,3.401305872,0.122601679,83,0,0,85
84,3.43578593,0.10205218,195,11,88,86
85,3.431014136,0.04886977,179,0,0,87
86,3.32280217,0.008540417,87,6,48,88
87,3.387298349,0.002537193,111,0,0,89
88,3.235216666,0.061338005,83,5,40,90
89,3.303791959,0.068803553,83,0,0,91
90,3.220593428,0.026780983,158,7,56,92
91,3.328574501,0.05933693,336,0,0,93
92,2.397151161,0.260291015,54,7,56,94
93,2.43932766,0.277069258,82,0,0,95
94,3.2169761,0.045714229,177,1,8,96
95,3.2169761,0.045714229,177,0,0,97
96,3.323956636,0.070111948,156,13,104,98
97,3.221901823,0.023394549,302,0,0,99
98,3.395071755,0.293770536,264,1,8,100
99,3.395071755,0.293770536,264,0,0,101
100,3.166718338,0.038017787,152,5,40,102
101,3.197888926,0.033476887,86,0,0,103
102,3.165409943,0.087967692,258,2,16,104
103,3.153018672,0.085504831,258,0,0,105
104,3.012327723,0.167394968,178,29,232,106
105,3.012635581,0.156389056,333,0,0,107
106,3.06597192,0.194948228,333,15,120,108
107,3.041189379,0.243435809,332,0,0,109
108,3.08428945,0.150924583,159,12,96,110
109,3.0757464,0.172705512,338,0,0,111
110,3.010403613,0.301466977,169,16,128,112
111,3.009787898,0.30500734,349,0,0,113
112,2.926281508,0.349569736,8,2,16,114
113,2.927589903,0.358035821,8,0,0,115
114,3.080133372,0.410217694,268,13,104,116
115,2.943675466,0.395440527,260,0,0,117
116,2.947600651,0.360190825,93,15,120,118
117,2.948909046,0.360113861,273,0,0,119
118,3.179571395,0.172705512,152,1,8,120
119,3.179571395,0.172705512,152,0,0,121
120,2.946061363,0.313935212,85,10,80,122
121,2.99901288,0.317860397,85,0,0,123
122,2.603338827,0.357881893,148,4,32,124
123,2.60218436,0.359806003,328,0,0,125
124,2.615037418,0.380432466,102,8,64,126
125,2.685459857,0.356650462,110,0,0,127
126,2.574477171,0.389129445,282,5,40,128
127,2.507595096,0.403444826,282,0,0,129
128,2.477578974,0.386820512,24,1,8,130
129,2.477578974,0.386820512,24,0,0,131
130,2.410773863,0.411910911,230,4,32,132
131,2.388915969,0.393901238,230,0,0,133
132,2.387915432,0.428843082,102,1,8,134
133,2.387915432,0.428843082,102,0,0,135
134,2.409927254,0.449623474,165,2,16,136
135,2.411928329,0.441927033,165,0,0,137
136,2.449640892,0.476714948,83,28,224,138
137,2.449179105,0.476637983,263,0,0,139
138,2.896958066,0.395979277,252,5,40,140
139,2.902730398,0.333022387,92,0,0,141
140,2.934670629,0.468479756,140,3,24,142
141,2.944522074,0.453933481,152,0,0,143
142,3.070281927,0.4692494,359,6,48,144
143,3.069743176,0.502421062,358,0,0,145
144,2.95037137,0.493108368,75,10,80,146
145,2.948678153,0.492646582,255,0,0,147
146,2.379603275,0.386204797,50,5,40,148
147,2.410927791,0.41206484,50,0,0,149
148,2.851702991,0.421993249,315,24,192,150
149,2.904269686,0.493262297,123,0,0,151
150,2.796519506,0.388128907,70,6,48,152
151,2.84192851,0.404599292,70,0,0,153
152,2.736641192,0.361730113,66,9,72,154
153,2.791824677,0.38643569,69,0,0,155
154,2.773199289,0.379585857,249,4,32,156
155,2.741720843,0.365732263,232,0,0,157
156,2.75926873,0.291538568,336,10,80,158
157,2.720401701,0.341488472,302,0,0,159
158,3.172490669,0.504114279,90,4,32,160
159,3.195503029,0.504114279,90,0,0,161
160,2.450718393,0.372274238,270,5,40,162
161,2.39399562,0.374891028,280,0,0,163
162,2.921509715,0.147922971,246,2,16,164
163,2.867249803,0.145383145,267,0,0,165
164,2.895341814,0.063031222,35,5,40,166
165,2.901652896,0.07188213,215,0,0,167
166,2.809757385,0.081117859,252,8,64,168
167,2.835386535,0.089430016,72,0,0,169
168,2.812066318,0.180094096,322,1,8,170
169,2.812066318,0.180094096,322,0,0,171
170,2.82692045,0.142920284,257,7,56,172
171,2.829845097,0.144305643,65,0,0,173
172,2.70139149,0.248130638,259,2,16,174
173,2.670066974,0.226657566,330,0,0,175
174,2.793287001,0.210110217,337,7,56,176
175,2.774122862,0.256519759,337,0,0,177
176,2.788823065,0.265986382,81,41,328,178
177,2.791285926,0.266371204,261,0,0,179
178,2.77635483,0.250978321,157,7,56,180
179,2.792132534,0.212880936,157,0,0,181
180,2.940981711,0.229582214,56,20,160,182
181,2.927897761,0.309317347,341,0,0,183
182,2.978232488,0.19864252,299,12,96,184
183,2.971844441,0.202259847,119,0,0,185
184,2.936363846,0.042712617,161,10,80,186
185,2.907348262,0.014312748,354,0,0,187
186,2.879333216,0.021701332,257,11,88,188
187,2.875177137,0.020700794,77,0,0,189
188,2.841466724,0.043790119,250,10,80,190
189,2.851702991,0.047407446,70,0,0,191
190,2.91812328,0.102129144,121,3,24,192
191,2.960299779,0.075884279,121,0,0,193
192,3.004015566,0.06595587,96,3,24,194
193,3.056197439,0.066802478,80,0,0,195
194,3.097912152,0.074191062,259,3,24,196
195,3.061815841,0.067726051,260,0,0,197
196,3.120000939,0.063954795,151,7,56,198
197,3.117384148,0.068726589,331,0,0,199
198,3.166333516,0.088121621,78,2,16,200
199,3.180110146,0.09089234,78,0,0,201
200,3.363208487,0.337101501,342,1,8,202
201,3.363208487,0.337101501,342,0,0,203
202,3.139242042,0.096895564,333,15,120,204
203,3.136702216,0.102129144,159,0,0,205
204,3.396149256,0.34372044,82,7,56,206
205,3.378755299,0.341565437,262,0,0,207
206,3.307178394,0.266756026,161,18,144,208
207,3.218592353,0.22288631,264,0,0,209
208,3.121694156,0.464708499,216,3,24,210
209,3.120539689,0.463092247,216,0,0,211
210,3.117615042,0.444620787,155,7,56,212
211,3.125696305,0.414142879,167,0,0,213
212,3.216129492,0.51388876,349,5,40,214
213,3.153557423,0.509963575,154,0,0,215
214,3.143782943,0.529974322,340,9,72,216
215,3.215821634,0.515351084,110,0,0,217
216,3.081749625,0.546829529,194,8,64,218
217,3.073514432,0.517506087,196,0,0,219
218,1.797136589,1.080654705,255,2,16,220
219,1.546617421,1.053409303,262,0,0,221
220,2.037111632,0.368964768,248,1,8,222
221,2.037111632,0.368964768,248,0,0,223
222,1.526760602,1.050869477,82,3,24,224
223,1.558700834,1.054948591,82,0,0,225
224,1.444100821,1.071265047,286,23,184,226
225,1.462495316,1.058950741,161,0,0,227
226,0.996475789,1.106129926,95,15,120,228
227,1.024798693,1.10374403,271,0,0,229
228,2.517831363,0.17563016,111,6,48,230
229,2.602107396,0.17301337,33,0,0,231
230,2.442791059,0.196410552,227,2,16,232
231,2.447485888,0.200797523,47,0,0,233
232,2.286476334,0.303391087,122,2,16,234
233,2.309026907,0.288767849,122,0,0,235
234,0.984546305,0.979369536,152,12,96,236
235,0.979774511,0.987296871,329,0,0,237
236,3.215590741,0.062954258,349,3,24,238
237,3.212820022,0.077577496,349,0,0,239
238,0.784361864,0.845605385,238,7,56,240
239,0.767506657,0.846605922,124,0,0,241
240,3.098681796,0.367194587,266,14,112,242
241,3.09945144,0.367271551,86,0,0,243
242,0.836697665,0.849376641,298,2,16,244
243,0.826538363,0.854995043,298,0,0,245
244,0.899577592,0.813665153,301,1,8,246
245,0.899577592,0.813665153,301,0,0,247
246,0.711168706,0.787959039,261,1,8,248
247,0.711168706,0.787959039,261,0,0,249
248,0.704934588,0.745474682,268,8,64,250
249,0.744417333,0.746629148,88,0,0,251
250,0.682922766,0.823054811,267,5,40,252
251,0.489511193,0.792499939,181,0,0,253
252,0.703010478,0.631490385,274,4,32,254
253,0.630048213,0.627719128,225,0,0,255
254,0.635820544,0.572381715,350,4,32,256
255,0.616348548,0.613249819,287,0,0,257
256,2.336734096,0.270758176,122,1,8,258
257,2.336734096,0.270758176,122,0,0,259
258,2.512366889,0.194178584,64,12,96,260
259,2.472961109,0.280840514,264,0,0,261
260,2.406079033,0.424840933,282,3,24,262
261,2.369674865,0.432845232,282,0,0,263
262,0.612500327,0.614481249,287,9,72,264
263,0.509368012,0.609940349,219,0,0,265
264,2.497974544,0.405522865,102,10,80,266
265,2.594026133,0.384973366,102,0,0,267
266,0.025646669,0.341719366,61,1,8,268
267,0.025646669,0.341719366,61,0,0,269
268,0.50236425,0.469557257,259,4,32,270
269,0.439869146,0.476484055,302,0,0,271
270,2.460569838,0.21103379,123,3,24,272
271,2.484505771,0.194948228,123,0,0,273
272,2.314953167,0.284919628,302,3,24,274
273,2.289477946,0.301390013,302,0,0,275
274,0.740030361,0.494493728,276,1,8,276
275,0.740030361,0.494493728,276,0,0,277
276,0.832233729,0.39497874,201,4,32,278
277,0.824152466,0.381971754,37,0,0,279
278,2.945368683,0.452317229,332,5,40,280
279,2.919046853,0.481717635,307,0,0,281
280,0.928208354,0.388975516,188,3,24,282
281,0.926822994,0.379585857,8,0,0,283
282,3.007325036,0.318476112,88,19,152,284
283,3.121463262,0.322478262,86,0,0,285
284,1.23937548,0.428227367,344,1,8,286
285,1.23937548,0.428227367,344,0,0,287
286,1.238221014,0.408524477,262,6,48,288
287,1.173416977,0.399673569,262,0,0,289
288,1.112999912,0.391746235,265,7,56,290
289,1.036343355,0.391361413,272,0,0,291
290,0.809452263,0.48825961,95,6,48,292
291,0.858863417,0.483949603,95,0,0,293
292,3.354126686,0.317090753,263,2,16,294
293,3.353818829,0.317090753,263,0,0,295
294,0.627123566,0.608324096,130,3,24,296
295,0.634589114,0.579847263,170,0,0,297
296,2.832000101,0.163315854,307,1,8,298
297,2.832000101,0.163315854,307,0,0,299
298,0.638129477,0.552524896,174,1,8,300
299,0.638129477,0.552524896,174,0,0,301
300,0.638437335,0.549215426,354,3,24,302
301,0.636821082,0.565762775,354,0,0,303
302,0.532226443,0.505037852,355,9,72,304
303,0.542539675,0.566917241,315,0,0,305
304,0.533534838,0.501805347,337,1,8,306
305,0.533534838,0.501805347,337,0,0,307
306,3.211511627,0.084504294,169,2,16,308
307,3.21312788,0.076115172,169,0,0,309
308,0.483661898,0.577692259,218,10,80,310
309,0.423783584,0.501112667,218,0,0,311
310,0.438098965,0.477638521,122,6,48,312
311,0.524914824,0.4737903,79,0,0,313
312,0.552698977,0.456627236,339,1,8,314
313,0.552698977,0.456627236,339,0,0,315
314,0.580944917,0.423840395,89,4,32,316
315,0.61935016,0.424379146,269,0,0,317
316,0.554238266,0.452471157,159,2,16,318
317,0.554238266,0.452471157,159,0,0,319
318,0.54577218,0.472943692,155,1,8,320
319,0.54577218,0.472943692,155,0,0,321
320,0.573633298,0.466555645,83,14,112,322
321,0.575634373,0.466786538,263,0,0,323
322,0.618965338,0.524817707,257,7,56,324
323,0.553699515,0.509963575,257,0,0,325
324,0.537460023,0.492492653,157,1,8,326
325,0.537460023,0.492492653,157,0,0,327
326,0.56478239,0.5125034,77,5,40,328
327,0.625969099,0.526433959,77,0,0,329
328,0.690927065,0.508116429,293,5,40,330
329,0.656447007,0.52312449,293,0,0,331
330,0.725945873,0.496186945,96,6,48,332
331,0.795752597,0.489491041,94,0,0,333
332,0.691850638,0.507731607,113,1,8,334
333,0.691850638,0.507731607,113,0,0,335
334,0.849935545,0.576076006,244,20,160,336
335,0.83800606,0.568456529,64,0,0,337
336,0.671532033,0.568225636,88,11,88,338
337,0.666067559,0.568071707,268,0,0,339
338,0.635512687,0.632336993,68,10,80,340
339,0.722020688,0.629951096,94,0,0,341
340,0.735951247,0.628950559,94,2,16,342
341,0.74280108,0.628411808,94,0,0,343
342,3.296172482,0.303006265,341,8,64,344
343,3.283704247,0.33587007,335,0,0,345
344,0.767891479,0.651039346,16,6,48,346
345,0.763812365,0.636877894,196,0,0,347
346,0.851090011,0.623255192,38,20,160,348
347,0.848550185,0.620099651,218,0,0,349
348,1.083060755,0.741626461,81,8,64,350
349,1.087832549,0.742319141,261,0,0,351
350,3.317029839,0.09420181,344,1,8,352
351,3.317029839,0.09420181,344,0,0,353
352,3.456643286,0.031167955,75,2,16,354
353,3.458490432,0.031629741,75,0,0,355
354,1.070361627,0.786727608,89,5,40,356
355,1.08506183,0.782802423,174,0,0,357
356,0.909429037,0.807661929,121,1,8,358
357,0.909429037,0.807661929,121,0,0,359
358,0.882260598,0.823978384,299,1,8,360
359,0.882260598,0.823978384,299,0,0,361
360,1.258693548,1.001843145,277,8,64,362
361,1.117232955,0.994839384,76,0,0,363
362,0.956685187,1.016081562,131,1,8,364
363,0.956685187,1.016081562,131,0,0,365
364,0.9687686,1.003767256,318,4,32,366
365,0.951913393,1.020314605,311,0,0,367
366,1.45156637,1.041402854,83,1,8,368
367,1.45156637,1.041402854,83,0,0,369
368,1.356746211,1.050330726,53,6,48,370
369,1.356746211,1.042634285,160,0,0,371
370,2.231677671,0.365732263,237,8,64,372
371,2.213975856,0.354649387,57,0,0,373
372,3.31756859,0.585696558,10,7,56,374
373,3.32472628,0.624409659,10,0,0,375
374,3.181957292,0.348184376,261,2,16,376
375,3.181033719,0.348030448,261,0,0,377
376,3.125465412,0.618175541,28,42,336,378
377,3.131237743,0.629027523,208,0,0,379
378,3.14740027,0.322247369,279,1,8,380
379,3.14740027,0.322247369,279,0,0,381
380,3.0666646,0.453625624,266,11,88,382
381,2.961069423,0.44223489,257,0,0,383
382,1.591872496,0.673205097,354,13,104,384
383,1.592026425,0.671127058,174,0,0,385
384,3.089753924,0.71353445,79,12,96,386
385,3.146938483,0.743627536,109,0,0,387
386,3.058275478,0.725233041,356,11,88,388
387,3.058352443,0.724540361,176,0,0,389
388,2.927974725,0.820899808,160,17,136,390
389,2.929898836,0.815666228,340,0,0,391
390,2.848085664,0.753786839,257,40,320,392
391,2.860861756,0.756634522,77,0,0,393
392,0.813685305,0.862075769,118,7,56,394
393,0.850012509,0.841988057,118,0,0,395
394,2.864017297,0.785496177,153,3,24,396
395,2.874638386,0.762791675,153,0,0,397
396,1.298176292,1.04325,265,8,64,398
397,1.318802755,1.038555171,156,0,0,399
398,2.505978843,1.002458861,75,9,72,400
399,2.501899729,1.001381359,255,0,0,401
400,2.900421465,0.739548422,86,5,40,402
401,2.909888088,0.73723949,120,0,0,403
402,0.979851476,0.815204441,15,19,152,404
403,0.978235223,0.809509074,195,0,0,405
404,2.883874116,0.748091472,326,1,8,406
405,2.883874116,0.748091472,326,0,0,407
406,0.782514718,1.026548722,197,2,16,408
407,0.779897928,1.00784637,179,0,0,409
408,2.409619396,0.241280805,108,6,48,410
409,2.446023564,0.220654342,123,0,0,411
410,2.918585067,0.708531763,314,5,40,412
411,2.892417166,0.735238415,323,0,0,413
412,2.456182867,0.831828755,106,1,8,414
413,2.456182867,0.831828755,106,0,0,415
414,2.6942338,0.553063647,86,14,112,416
415,2.834232069,0.561914554,86,0,0,417
416,3.050579037,0.578615832,259,3,24,418
417,3.041266343,0.576845651,259,0,0,419
418,1.253921754,0.802890135,89,10,80,420
419,1.269006779,0.803044064,269,0,0,421
420,2.748185854,0.63872504,147,12,96,422
421,2.747108352,0.640341292,327,0,0,423
422,3.394379075,0.527819319,12,1,8,424
423,3.394379075,0.527819319,12,0,0,425
424,2.928128654,0.362730651,2,3,24,426
425,2.928821334,0.375583708,2,0,0,427
426,2.422087631,0.945043408,280,3,24,428
427,2.425935852,0.944427692,97,0,0,429
428,2.472884145,0.766870789,76,6,48,430
429,2.484736665,0.769641508,256,0,0,431
430,1.585869272,0.660659898,273,6,48,432
431,1.534995794,0.663892403,273,0,0,433
432,1.58617713,0.560221337,257,4,32,434
433,1.558392976,0.554295077,257,0,0,435
434,2.833000638,0.856149509,155,4,32,436
435,2.847392984,0.823670527,157,0,0,437
436,0.9516825,0.796117266,268,1,8,438
437,0.9516825,0.796117266,268,0,0,439
438,2.447947675,0.768410077,321,6,48,440
439,2.434017116,0.820822843,41,0,0,441
440,1.535072759,0.663892403,93,3,24,442
441,1.56054798,0.66227615,93,0,0,443
442,2.794980218,0.946813589,70,27,216,444
443,2.805601307,0.950507881,257,0,0,445
444,2.343814822,0.242666165,224,3,24,446
445,2.346893399,0.245821706,44,0,0,447
446,2.482812554,0.996378672,255,5,40,448
447,2.423242098,0.973905063,222,0,0,449
448,2.906193796,0.56637849,86,6,48,450
449,3.003322887,0.572920466,86,0,0,451
450,0.958147511,0.485873713,276,4,32,452
451,0.908505464,0.491415151,276,0,0,453
452,0.910506538,0.577384402,195,7,56,454
453,0.893420438,0.514735368,195,0,0,455
454,3.190038555,0.223809883,91,13,104,456
455,3.309718219,0.259367442,341,0,0,457
456,2.671298404,0.923339443,85,11,88,458
457,2.681842529,0.924186051,265,0,0,459
458,3.373444754,0.301082155,346,2,16,460
459,3.372059395,0.306546628,346,0,0,461
460,1.305872734,1.022546573,83,1,8,462
461,1.305872734,1.022546573,83,0,0,463
462,0.475195812,0.414758595,84,7,56,464
463,0.545002536,0.421608427,84,0,0,465
464,2.467650565,0.888320635,318,5,40,466
465,2.441097842,0.931035884,358,0,0,467
466,2.884335903,0.878161332,77,18,144,468
467,2.869019984,0.874851862,257,0,0,469
468,2.767042135,0.947429305,126,1,8,470
469,2.767042135,0.947429305,126,0,0,471
470,2.511597245,0.58154048,356,5,40,472
471,2.506132772,0.626718591,349,0,0,473
472,3.339811305,0.701604966,189,7,56,474
473,3.335501298,0.676591531,189,0,0,475
474,2.345508039,0.978061141,310,5,40,476
475,2.363517712,0.964361476,118,0,0,477
476,0.87094683,1.062645032,103,2,16,478
477,0.895960264,1.056487879,103,0,0,479
478,3.187190872,0.15785138,332,2,16,480
479,3.184651046,0.162854067,332,0,0,481
480,2.53522532,0.956665034,78,7,56,482
481,2.592178987,0.956818963,107,0,0,483
482,0.753345205,0.9316516,206,9,72,484
483,0.753422169,0.931728564,26,0,0,485
484,2.805601307,0.376122459,136,15,120,486
485,2.806601844,0.375044957,316,0,0,487
486,0.459341143,0.384357651,158,16,128,488
487,0.459341143,0.384280687,338,0,0,489
488,2.559469111,0.906099414,134,3,24,490
489,2.58125004,0.884703307,131,0,0,491
490,2.79205557,0.924263016,316,2,16,492
491,2.790978068,0.925494447,316,0,0,493
492,2.626505115,0.929650525,299,9,72,494
493,2.636664418,0.926187126,108,0,0,495
494,3.431245029,0.031552777,359,7,56,496
495,3.434092713,0.092508593,9,0,0,497
496,2.424319599,0.975059529,42,5,40,498
497,2.469959497,0.993069202,75,0,0,499
498,0.775433992,0.968902376,26,2,16,500
499,0.777973817,0.984757045,5,0,0,501
500,0.969230386,0.519507162,193,3,24,502
501,0.965536095,0.50396035,193,0,0,503
502,2.480041835,1.016851206,328,8,64,504
503,2.482504697,1.012849057,148,0,0,505
504,2.707163821,0.348261341,293,4,32,506
505,2.657829632,0.367194587,290,0,0,507
506,0.793905451,1.047175185,30,1,8,508
507,0.793905451,1.047175185,30,0,0,509
508,2.60218436,0.639802541,97,3,24,510
509,2.650056226,0.640187363,90,0,0,511
510,2.571090737,0.660890791,353,7,56,512
511,2.57201431,0.65442578,173,0,0,513
512,2.616037955,0.885780809,63,3,24,514
513,2.64105139,0.899249581,52,0,0,515
514,2.506517594,0.71946071,288,7,56,516
515,2.453489112,0.76148328,321,0,0,517
516,2.350818584,0.530590038,86,2,16,518
517,2.371137189,0.531821468,86,0,0,519
518,1.728715225,0.346645088,193,15,120,520
519,1.712167876,0.36865691,311,0,0,521
520,3.362361879,0.339718291,340,1,8,522
521,3.362361879,0.339718291,340,0,0,523
522,2.3263439,0.550215963,359,3,24,524
523,2.326420865,0.538363444,179,0,0,525
524,1.415777917,0.709224443,322,23,184,526
525,1.477888199,0.70830087,72,0,0,527
526,2.850240667,0.574228861,356,14,112,528
527,2.850394596,0.572227786,176,0,0,529
528,2.368828257,0.253287254,105,1,8,530
529,2.368828257,0.253287254,105,0,0,531
530,1.184345924,0.840679662,261,26,208,532
531,1.203125241,0.843450381,81,0,0,533
532,2.928590441,0.378816213,165,1,8,534
533,2.928590441,0.378816213,165,0,0,535
534,2.877716963,0.564608309,266,1,8,536
535,2.877716963,0.564608309,266,0,0,537
536,1.297406648,0.868309887,169,2,16,538
537,1.298099328,0.864461666,169,0,0,539
538,1.243377629,0.788497789,143,11,88,540
539,1.23606601,0.798887985,327,0,0,541
540,3.035955798,0.183403566,90,2,16,542
541,3.046884745,0.183788388,90,0,0,543
542,1.790209792,0.489491041,82,14,112,544
543,1.918817328,0.501805347,85,0,0,545
544,1.743723286,0.424533075,323,8,64,546
545,1.717401456,0.461475994,332,0,0,547
546,1.698853032,0.484180496,80,1,8,548
547,1.698853032,0.484180496,80,0,0,549
548,2.923972576,0.834753402,344,4,32,550
549,2.925588829,0.828673214,164,0,0,551
550,0.989010241,1.004075113,75,19,152,552
551,0.992550604,1.004998686,270,0,0,553
552,3.004400389,0.69783371,275,1,8,554
553,3.004400389,0.69783371,275,0,0,555
554,1.319880257,1.024008897,263,1,8,556
555,1.319880257,1.024008897,263,0,0,557
556,2.952449409,0.702836397,91,2,16,558
557,2.9686889,0.705068365,91,0,0,559
558,1.872099928,0.337178465,138,11,88,560
559,1.862941163,0.347414732,318,0,0,561
560,1.750727047,0.495417301,330,33,264,562
561,1.747571506,0.501112667,150,0,0,563
562,1.379835536,0.967670945,111,35,280,564
563,1.368829624,0.971827024,284,0,0,565
564,2.00186193,0.522816632,353,2,16,566
565,1.997090137,0.565916704,173,0,0,567
566,1.720403068,0.380201573,71,1,8,568
567,1.720403068,0.380201573,71,0,0,569
568,1.282475552,0.95851218,170,21,168,570
569,1.28070537,0.968671483,350,0,0,571
570,1.293481463,0.889705994,351,3,24,572
571,1.289556278,0.914873357,171,0,0,573
572,2.379911133,0.95658807,109,1,8,574
573,2.379911133,0.95658807,109,0,0,575
574,1.362518542,1.029935156,260,1,8,576
575,1.362518542,1.029935156,260,0,0,577
576,1.371754272,0.457935631,334,11,88,578
577,1.374832849,0.451624549,154,0,0,579
578,1.309259168,0.887166168,88,18,144,580
579,1.314415784,0.887320097,268,0,0,581
580,2.911196483,0.487797824,308,13,104,582
581,2.851549062,0.422147178,135,0,0,583
582,1.371523379,0.530897895,131,2,16,584
583,1.38252929,0.52104645,131,0,0,585
584,1.938135396,0.502882849,86,2,16,586
585,1.96453419,0.504345173,86,0,0,587
586,2.144784847,0.41606699,241,5,40,588
587,2.096759053,0.39166927,237,0,0,589
588,3.195964815,0.134454198,340,4,32,590
589,3.190654271,0.149770117,340,0,0,591
590,0.756808603,1.004229042,297,10,80,592
591,0.746572336,1.010001373,121,0,0,593
592,1.483968388,0.802967099,245,5,40,594
593,1.449411366,0.790652793,250,0,0,595
594,1.615269678,0.566455455,77,14,112,596
595,1.617809504,0.651732026,311,0,0,597
596,1.36020961,0.802120491,214,16,128,598
597,1.370753735,0.812972473,65,0,0,599
598,2.608726336,0.547522209,266,14,112,600
599,2.513752249,0.541134162,266,0,0,601
600,1.541229912,0.508270358,257,18,144,602
601,1.525375243,0.504883923,77,0,0,603
602,1.874177967,0.354264565,75,25,200,604
603,1.897729078,0.359729038,259,0,0,605
604,1.119310994,0.574459754,256,1,8,606
605,1.119310994,0.574459754,256,0,0,607
606,2.747724068,0.272374428,254,3,24,608
607,2.742798345,0.270989069,74,0,0,609
608,1.464573356,0.610171242,129,11,88,610
609,1.513060936,0.561298839,150,0,0,611
610,1.399307532,0.812895509,131,5,40,612
611,1.417240241,0.796886911,131,0,0,613
612,1.273701609,1.003228505,172,2,16,614
613,1.274086431,1.000303857,172,0,0,615
614,2.857629251,0.066956407,315,4,32,616
615,2.847239055,0.077577496,315,0,0,617
616,2.607648834,0.562299376,347,12,96,618
617,2.607802763,0.561683661,167,0,0,619
618,1.70300911,0.376507281,308,44,352,620
619,1.685923011,0.390283911,128,0,0,621
620,2.84593066,0.921569261,328,8,64,622
621,2.864171226,0.886396524,157,0,0,623
622,0.427939662,0.396979815,262,11,88,624
623,0.325961813,0.38312622,262,0,0,625
624,2.482196839,0.873081681,136,4,32,626
625,2.47611665,0.879392762,316,0,0,627
626,2.569166627,0.896555827,314,7,56,628
627,2.533609067,0.90602245,72,0,0,629
628,2.932284733,0.296156432,161,20,160,630
629,2.925819722,0.218884161,231,0,0,631
630,2.534609605,0.721307856,217,1,8,632
631,2.534609605,0.721307856,217,0,0,633
632,3.142551512,0.083349827,257,1,8,634
633,3.142551512,0.083349827,257,0,0,635
634,1.275779648,0.992068665,167,2,16,636
635,1.276472327,0.988913124,167,0,0,637
636,1.474347836,0.740318066,317,7,56,638
637,1.434557234,0.781417063,312,0,0,639
638,3.317876447,0.091277162,164,2,16,640
639,3.321339846,0.078962856,164,0,0,641
640,0.519296422,0.583310661,117,9,72,642
641,0.545849144,0.543443095,188,0,0,643
642,2.949755655,0.6833644,307,1,8,644
643,2.949755655,0.6833644,307,0,0,645
644,2.542998726,0.804814245,286,4,32,646
645,2.511828138,0.816358907,299,0,0,647
646,1.527222389,0.535823618,151,3,24,648
647,1.537612585,0.516582514,151,0,0,649
648,2.984235712,0.316782895,265,5,40,650
649,2.953142089,0.314473963,265,0,0,651
650,2.550233381,0.74247307,34,5,40,652
651,2.558853395,0.784187782,4,0,0,653
652,1.219287768,0.845374491,85,4,32,654
653,1.279781797,0.850069321,85,0,0,655
654,2.987391253,0.719152852,1,6,48,656
655,2.987391253,0.721769642,181,0,0,657
656,1.219980448,1.037477669,339,8,64,658
657,1.222597238,1.030396943,159,0,0,659
658,1.49551305,0.711071589,150,3,24,660
659,1.513060936,0.680978503,160,0,0,661
660,2.945753505,0.438771492,255,4,32,662
661,2.917892387,0.430844157,252,0,0,663
662,2.412621009,0.519584127,23,2,16,664
663,2.412621009,0.519584127,23,0,0,665
664,2.862554973,0.873697396,260,2,16,666
665,2.849932809,0.871619357,260,0,0,667
666,2.497974544,0.947814127,257,3,24,668
667,2.467727529,0.942888404,262,0,0,669
668,1.223751704,0.484488354,333,2,16,670
669,1.215901334,0.499111592,331,0,0,671
670,1.198969162,0.642881118,259,1,8,672
671,1.198969162,0.642881118,259,0,0,673
672,1.560778873,0.511502863,80,14,112,674
673,1.672608167,0.491261222,155,0,0,675
674,2.536533715,0.930420169,317,3,24,676
675,2.528452452,0.939194112,317,0,0,677
676,2.231985529,0.534053436,84,1,8,678
677,2.231985529,0.534053436,84,0,0,679
678,3.357282227,0.35364885,160,1,8,680
679,3.357282227,0.35364885,160,0,0,681
680,3.295171945,0.067803016,263,4,32,682
681,3.241681677,0.062030685,263,0,0,683
682,2.442944988,0.916412646,150,2,16,684
683,2.449794821,0.906792094,133,0,0,685
684,0.948526959,0.796117266,90,2,16,686
685,0.949835354,0.796117266,90,0,0,687
686,3.352510434,0.581617444,97,1,8,688
687,3.352510434,0.581617444,97,0,0,689
688,2.457491262,0.279455155,262,4,32,690
689,2.426705496,0.275145147,256,0,0,691
690,0.907350997,0.841218413,20,19,152,692
691,0.903348848,0.833752865,215,0,0,693
692,2.384298104,0.543443095,348,12,96,694
693,2.383297567,0.552140074,174,0,0,695
694,1.505056637,0.814973548,41,3,24,696
695,1.503286456,0.836600548,349,0,0,697
696,2.434709795,0.821592487,221,3,24,698
697,2.435787297,0.783725996,150,0,0,699
698,2.405078496,0.53428433,85,1,8,700
699,2.405078496,0.53428433,85,0,0,701
700,2.979002132,0.661891328,305,1,8,702
701,2.979002132,0.661891328,305,0,0,703
702,1.392380735,0.512272507,311,2,16,704
703,1.385761796,0.518198767,311,0,0,705
704,1.400077177,0.444005072,84,1,8,706
705,1.400077177,0.444005072,84,0,0,707
706,2.383913282,0.893169393,330,2,16,708
707,2.380526848,0.899172617,330,0,0,709
708,2.917584529,0.402290359,142,1,8,710
709,2.917584529,0.402290359,142,0,0,711
710,2.530607455,0.93688518,137,4,32,712
711,2.551464812,0.914103713,137,0,0,713
712,0.827923722,0.793500476,26,26,208,714
713,0.902194382,0.791730295,51,0,0,715
714,2.50366991,0.639494684,348,7,56,716
715,2.511366352,0.693061916,40,0,0,717
716,1.619271828,0.465093321,261,3,24,718
717,1.587870347,0.460398492,261,0,0,719
718,3.216514314,0.054949959,357,1,8,720
719,3.216514314,0.054949959,357,0,0,721
720,3.181418541,0.565993668,94,3,24,722
721,3.181418541,0.565993668,94,0,0,723
722,2.905655045,0.655349353,258,24,192,724
723,2.911581305,0.656580784,90,0,0,725
724,1.298561114,0.971827024,86,3,24,726
725,1.339121361,0.973982027,86,0,0,727
726,3.12315648,0.425995399,347,3,24,728
727,3.120924512,0.43630863,347,0,0,729
728,0.871716474,0.829981609,119,2,16,730
729,0.874948979,0.828134463,119,0,0,731
730,2.818916151,0.560914017,266,9,72,732
731,2.655135877,0.550446857,266,0,0,733
732,1.438482419,0.450162225,90,17,136,734
733,1.603417159,0.469711186,81,0,0,735
734,3.002707171,0.697987638,95,4,32,736
735,3.050502073,0.70568408,59,0,0,737
736,0.959763763,0.395209633,273,4,32,738
737,0.946679813,0.396056242,273,0,0,739
738,1.015178142,0.439772029,90,12,96,740
739,1.208358821,0.453086873,82,0,0,741
740,1.429323654,0.786188857,311,3,24,742
741,1.405387721,0.807508,311,0,0,743
742,2.490201138,0.539671839,266,3,24,744
743,2.478887369,0.538979159,266,0,0,745
744,0.546618789,0.41206484,263,5,40,746
745,0.479120997,0.403675719,262,0,0,747
746,1.070977342,0.67482135,142,2,16,748
747,1.077596281,0.6662783,142,0,0,749
748,2.902499504,0.548907568,189,9,72,750
749,2.902037718,0.552832753,353,0,0,751
750,1.444562608,0.772258298,132,13,104,752
751,1.49220358,0.716305169,144,0,0,753
752,1.497052338,0.845143598,143,5,40,754
753,1.507134677,0.817667302,196,0,0,755
754,2.608341514,0.20980236,186,4,32,756
755,2.612266699,0.197872876,186,0,0,757
756,1.519987734,0.549061497,330,11,88,758
757,1.471961939,0.604091053,309,0,0,759
758,1.519525947,0.435154164,157,3,24,760
759,1.520372556,0.432922196,337,0,0,761
760,2.848393521,0.212573079,83,5,40,762
761,2.882257863,0.21572862,90,0,0,763
762,1.473809085,0.846759851,254,11,88,764
763,1.466728359,0.844835741,74,0,0,765
764,2.926435437,0.315089678,350,2,16,766
765,2.925896686,0.31809129,350,0,0,767
766,2.543922299,0.733468233,37,1,8,768
767,2.543922299,0.733468233,37,0,0,769
768,2.247070554,0.29784965,235,2,16,770
769,2.240528579,0.293308749,235,0,0,771
770,3.135855608,0.365886192,165,3,24,772
771,3.138549362,0.355265102,165,0,0,773
772,0.75796307,0.783495103,174,4,32,774
773,0.761118611,0.753325052,174,0,0,775
774,3.367980281,0.732929482,96,1,8,776
775,3.367980281,0.732929482,96,0,0,777
776,3.140704366,0.19533305,263,1,8,778
777,3.140704366,0.19533305,263,0,0,779
778,3.312950725,0.562068483,191,1,8,780
779,3.312950725,0.562068483,191,0,0,781
780,2.242914475,0.540287554,357,7,56,782
781,2.24299144,0.537670764,177,0,0,783
782,2.461955198,0.894554752,318,1,8,784
783,2.461955198,0.894554752,318,0,0,785
784,2.867249803,0.563992593,86,4,32,786
785,2.891031807,0.565377953,86,0,0,787
786,3.313797333,0.639494684,93,1,8,788
787,3.313797333,0.639494684,93,0,0,789
788,2.416931016,0.844912705,305,27,216,790
789,2.442406237,0.836061797,108,0,0,791
790,2.903884864,0.332945422,272,5,40,792
791,2.896342351,0.395825349,72,0,0,793
792,0.795444739,0.471943154,199,11,88,794
793,0.796522241,0.475098695,19,0,0,795
794,3.093756073,0.504345173,90,4,32,796
795,3.132777031,0.504345173,90,0,0,797
796,1.147018183,0.381663896,155,1,8,798
797,1.147018183,0.381663896,155,0,0,799
798,0.781745074,1.024008897,17,1,8,800
799,0.781745074,1.024008897,17,0,0,801
800,2.57794057,0.807277106,65,16,128,802
801,2.567781267,0.80227442,242,0,0,803
802,1.590948924,0.572766537,329,19,152,804
803,1.585792308,0.581463515,150,0,0,805
804,2.922895074,0.099127532,301,1,8,806
805,2.922895074,0.099127532,301,0,0,807
806,1.345971193,0.568610458,179,6,48,808
807,1.368136945,0.534207365,136,0,0,809
808,1.404464148,0.499265521,145,6,48,810
809,1.418394707,0.470634759,157,0,0,811
810,3.245145076,0.10205218,81,6,48,812
811,3.297019091,0.109748621,81,0,0,813
812,2.598567033,0.732313767,37,8,64,814
813,2.58248147,0.711995162,39,0,0,815
814,2.278164177,0.525356458,85,3,24,816
815,2.312028519,0.527973248,85,0,0,817
816,3.329652003,0.445005609,163,7,56,818
817,3.353510971,0.365347441,163,0,0,819
818,2.848239592,0.076576959,135,3,24,820
819,2.860784792,0.063800866,135,0,0,821
820,1.517293979,0.798887985,126,20,160,822
821,1.530070072,0.787266359,322,0,0,823
822,2.563394296,0.640495221,265,2,16,824
823,2.549155879,0.639340755,265,0,0,825
824,1.279243046,0.975752209,347,3,24,826
825,1.27685715,0.987219907,347,0,0,827
826,2.649825333,0.910948172,206,9,72,828
827,2.592871666,0.874313111,243,0,0,829
828,1.355514781,0.974058992,274,7,56,830
829,1.302794157,0.972057917,266,0,0,831
830,1.672377274,0.491799973,335,11,88,832
831,1.555853151,0.510733219,260,0,0,833
832,1.249303889,1.017851743,87,1,8,834
833,1.249303889,1.017851743,87,0,0,835
834,3.21505199,0.602474801,170,12,96,836
835,3.235678453,0.589006028,276,0,0,837
836,3.02394935,0.614866071,160,3,24,838
837,3.028336321,0.602243907,160,0,0,839
838,1.350512094,0.524125027,253,4,32,840
839,1.298868972,0.513580902,260,0,0,841
840,2.897265924,0.424533075,72,4,32,842
841,2.930745444,0.434846307,72,0,0,843
842,0.891111506,0.506346247,15,12,96,844
843,0.909582965,0.574074932,15,0,0,845
844,2.588022908,0.958127358,287,2,16,846
845,2.564240904,0.961359864,264,0,0,847
846,2.600183286,0.170088722,230,16,128,848
847,2.500129547,0.18486589,298,0,0,849
848,1.358516393,0.544289703,316,5,40,850
849,1.347202624,0.561452768,345,0,0,851
850,0.727177304,0.953432529,284,20,160,852
851,0.739183753,0.950430917,104,0,0,853
852,0.797830636,0.871080606,299,3,24,854
853,0.778743461,0.882009553,299,0,0,855
854,1.319726328,0.57892369,284,12,96,856
855,1.306180591,0.58869817,145,0,0,857
856,2.608264549,0.183018744,23,8,64,858
857,2.602954005,0.225964887,341,0,0,859
858,1.357746749,0.992838309,340,7,56,860
859,1.36090229,0.983602579,160,0,0,861
860,0.76512076,0.795193693,86,5,40,862
861,0.799908675,0.797348697,86,0,0,863
862,1.807526785,0.485257998,261,8,64,864
863,1.749572581,0.476868877,260,0,0,865
864,1.319264542,0.849838427,99,9,72,866
865,1.385992689,0.821515523,125,0,0,867
866,1.359670859,0.59008353,49,13,104,868
867,1.451181548,0.61902215,70,0,0,869
868,2.47680933,0.827287854,274,2,16,870
869,2.47019039,0.827826605,274,0,0,871
870,1.178496628,0.640957008,323,8,64,872
871,1.095375061,0.696602279,257,0,0,873
872,0.920665841,0.5979339,33,14,112,874
873,0.97731165,0.700142642,5,0,0,875
874,2.507595096,0.618406434,169,8,64,876
875,2.508595633,0.568533494,192,0,0,877
876,1.437250989,0.614250356,254,10,80,878
877,1.349511556,0.579693334,217,0,0,879
878,3.348585248,0.38189479,343,1,8,880
879,3.348585248,0.38189479,343,0,0,881
880,1.412468447,0.519045376,69,17,136,882
881,1.419087387,0.521508237,239,0,0,883
882,1.337351179,0.362268864,262,5,40,884
883,1.365058368,0.36604012,82,0,0,885
884,2.879102322,0.103745397,251,5,40,886
885,2.85639782,0.096279849,251,0,0,887
886,1.306257556,0.438694527,334,5,40,888
887,1.309567026,0.431998623,154,0,0,889
888,1.515062011,0.675437065,340,1,8,890
889,1.515062011,0.675437065,340,0,0,891
890,1.458570131,0.622947335,59,9,72,892
891,1.51714005,0.662660972,22,0,0,893
892,2.943367608,0.395363562,80,16,128,894
893,3.104838949,0.410910374,88,0,0,895
894,0.964920379,0.501266596,13,4,32,896
895,0.970923603,0.526664853,13,0,0,897
896,3.421932335,0.124294896,271,8,64,898
897,3.340965771,0.115443988,263,0,0,899
898,1.142708176,0.395440527,82,8,64,900
899,1.209282394,0.404522327,82,0,0,901
900,1.297483613,0.8678481,349,4,32,902
901,1.294174143,0.885395987,349,0,0,903
902,1.481120705,0.864076844,317,8,64,904
903,1.480043203,0.865308275,137,0,0,905
904,3.336347907,0.681902076,9,1,8,906
905,3.336347907,0.681902076,9,0,0,907
906,0.711553528,0.482872101,217,14,112,908
907,0.714093354,0.486181571,37,0,0,909
908,2.421241023,0.535438796,86,9,72,910
909,2.486660775,0.539440945,86,0,0,911
910,3.357667049,0.636185214,94,1,8,912
911,3.357667049,0.636185214,94,0,0,913
912,2.523834587,0.63733968,85,2,16,914
913,2.551541776,0.639571648,85,0,0,915
914,1.281628943,0.414835559,81,1,8,916
915,1.281628943,0.414835559,81,0,0,917
916,0.800986177,1.059335563,210,2,16,918
917,0.797522779,1.053409303,210,0,0,919
918,3.316414123,0.579770298,11,2,16,920
919,3.316414123,0.579770298,11,0,0,921
920,1.448795651,0.7904219,70,4,32,922
921,1.480504989,0.801658704,70,0,0,923
922,3.339580412,0.568764387,183,14,112,924
923,3.340042198,0.575999042,3,0,0,925
924,2.572553061,0.545059348,86,2,16,926
925,2.59240988,0.546367743,86,0,0,927
926,1.287247345,0.850608072,265,7,56,928
927,1.234526722,0.846605922,265,0,0,929
928,2.341121068,0.291538568,59,13,104,930
929,2.436326048,0.32140076,69,0,0,931
930,1.422704714,0.460244563,337,8,64,932
931,1.397306458,0.50726982,316,0,0,933
932,2.534840498,0.906407272,252,5,40,934
933,2.493433643,0.893400286,252,0,0,935
934,3.325341995,0.627873057,190,5,40,936
935,3.322956099,0.615096964,190,0,0,937
936,3.307794109,0.674513492,274,4,32,938
937,3.323186992,0.673128133,95,0,0,939
938,1.367059443,0.834830367,298,6,48,940
939,1.304564339,0.851300751,273,0,0,941
940,1.508904858,0.6537331,233,6,48,942
941,1.476887662,0.633491459,240,0,0,943
942,3.169873879,0.312780746,137,14,112,944
943,3.172028882,0.243512773,183,0,0,945
944,3.334192903,0.668741161,189,2,16,946
945,3.333423259,0.664200261,189,0,0,947
946,3.370366178,0.845374491,192,16,128,948
947,3.350586323,0.755403091,192,0,0,949
948,2.444715169,0.311241458,156,3,24,950
949,2.452257682,0.294078393,156,0,0,951
950,0.397615683,0.463707962,215,7,56,952
951,0.409929989,0.481024955,35,0,0,953
952,1.232833505,0.803813708,325,5,40,954
953,1.21774848,0.832983221,336,0,0,955
954,2.463186629,0.749168974,141,4,32,956
955,2.511212423,0.718306244,104,0,0,957
956,2.726635818,0.337486323,131,11,88,958
957,2.762963022,0.283149446,156,0,0,959
958,0.416625893,0.491953902,354,15,120,960
959,0.492897627,0.589467815,38,0,0,961
960,0.863019495,0.417067527,17,4,32,962
961,0.874641121,0.454472232,17,0,0,963
962,2.975153911,0.664662047,125,3,24,964
963,2.97984874,0.661275613,125,0,0,965
964,-0.007448029,0.345875444,116,1,8,966
965,-0.007448029,0.345875444,116,0,0,967
966,3.015175407,0.597318185,323,8,64,968
967,2.990392865,0.627873057,129,0,0,969
968,2.527682808,0.955125746,78,1,8,970
969,2.527682808,0.955125746,78,0,0,971
970,2.632816197,0.548984533,266,2,16,972
971,2.612266699,0.547753102,266,0,0,973
972,1.420164889,0.435846844,261,2,16,974
973,1.416547561,0.435308093,261,0,0,975
974,1.014716355,0.392438914,92,8,64,976
975,1.134396019,0.394363025,82,0,0,977
976,2.933670092,0.644805228,133,10,80,978
977,2.932130804,0.646344517,313,0,0,979
978,2.770813392,0.654579709,262,3,24,980
979,2.769197139,0.654348816,262,0,0,981
980,1.305872734,0.514735368,80,2,16,982
981,1.353744599,0.525510386,67,0,0,983
982,2.623349574,0.582771911,161,6,48,984
983,2.623349574,0.582771911,161,0,0,985
984,1.8377738,0.395286598,81,18,144,986
985,1.853012754,0.397672495,259,0,0,987
986,0.779282212,0.408062691,274,12,96,988
987,0.584331351,0.414527701,269,0,0,989
988,1.139783528,1.017928708,93,2,16,990
989,1.171954653,1.016697277,90,0,0,991
990,3.278239774,0.106977903,261,3,24,992
991,3.251071336,0.102898789,261,0,0,993
992,0.498746923,0.596702469,39,11,88,994
993,0.594105832,0.62025358,107,0,0,995
994,2.941212605,0.661891328,241,1,8,996
995,2.941212605,0.661891328,241,0,0,997
996,2.558622502,0.781417063,184,5,40,998
997,2.550926061,0.743550572,214,0,0,999
998,1.217594551,0.833445007,156,2,16,1000
999,1.227676889,0.812664615,153,0,0,1001
1000,2.509980992,0.818436947,137,2,16,1002
1001,2.540535865,0.805506925,106,0,0,1003
1002,3.283165496,0.336947572,155,10,80,1004
1003,3.298327486,0.296849112,161,0,0,1005
1004,1.765273321,0.431459872,76,26,208,1006
1005,1.766658681,0.431844694,256,0,0,1007
1006,2.925742757,0.34633723,188,3,24,1008
1007,2.924357398,0.33725543,188,0,0,1009
1008,0.700624581,0.786265821,266,23,184,1010
1009,0.761965219,0.734930557,359,0,0,1011
1010,2.454874472,0.942657511,88,4,32,1012
1011,2.508749562,0.950507881,72,0,0,1013
1012,2.582404506,0.86923346,244,6,48,1014
1013,2.519755473,0.838524659,243,0,0,1015
1014,2.241913938,0.426842008,110,5,40,1016
1015,2.273623277,0.408370548,120,0,0,1017
1016,0.830694441,0.811510149,56,5,40,1018
1017,0.852244477,0.825748566,56,0,0,1019
1018,2.87679339,0.820438021,84,5,40,1020
1019,2.904423615,0.82320874,87,0,0,1021
1020,0.883261136,0.593700857,104,1,8,1022
1021,0.883261136,0.593700857,104,0,0,1023
1022,1.990548162,0.505807496,266,9,72,1024
1023,1.844854526,0.496571767,265,0,0,1025
1024,0.80783601,0.797887448,266,2,16,1026
1025,0.784900615,0.796425124,266,0,0,1027
1026,2.790285389,0.885395987,264,4,32,1028
1027,2.769120175,0.884087592,267,0,0,1029
1028,2.825227233,0.873697396,336,2,16,1030
1029,2.824996339,0.874159182,336,0,0,1031
1030,0.876334339,0.400828036,273,3,24,1032
1031,0.865636285,0.40159768,273,0,0,1033
1032,1.380143393,0.35033938,262,13,104,1034
1033,1.406773081,0.373813526,262,0,0,1035
1034,2.845699767,0.870926677,80,1,8,1036
1035,2.845699767,0.870926677,80,0,0,1037
1036,2.818223471,0.889705994,156,3,24,1038
1037,2.822610442,0.879777585,156,0,0,1039
1038,0.89064972,0.399827498,93,3,24,1040
1039,0.918049051,0.397980352,93,0,0,1041
1040,3.126696843,0.409525014,168,8,64,1042
1041,3.134778106,0.370273163,168,0,0,1043
1042,2.788053421,0.928496059,136,7,56,1044
1043,2.815221859,0.894554752,147,0,0,1045
1044,2.880410717,0.418529851,70,2,16,1046
1045,2.893648597,0.423301644,70,0,0,1047
1046,3.0712055,0.509655717,16,9,72,1048
1047,3.086059632,0.563222949,14,0,0,1049
1048,2.742259594,0.875082755,228,9,72,1050
1049,2.746261744,0.88370277,90,0,0,1051
1050,1.752805086,0.413911986,319,2,16,1052
1051,1.747340613,0.420223068,319,0,0,1053
1052,2.760038374,0.903559589,355,5,40,1054
1053,2.760192303,0.901943336,175,0,0,1055
1054,0.848319292,0.82320874,236,2,16,1056
1055,0.829078188,0.808431573,207,0,0,1057
1056,2.786514132,0.885011165,84,2,16,1058
1057,2.787206812,0.885088129,84,0,0,1059
1058,0.983007017,0.44292757,7,3,24,1060
1059,0.986316486,0.4692494,7,0,0,1061
1060,3.267079934,0.270681211,289,11,88,1062
1061,3.253534197,0.291615532,346,0,0,1063
1062,0.721943724,0.617405897,190,5,40,1064
1063,0.719634791,0.604783733,10,0,0,1065
1064,2.277009711,0.31685986,58,12,96,1066
1065,2.371752905,0.379970679,52,0,0,1067
1066,2.359592527,0.37073495,232,10,80,1068
1067,2.288169551,0.323709693,238,0,0,1069
1068,1.496282694,0.40490715,132,5,40,1070
1069,1.480504989,0.424302182,336,0,0,1071
1070,2.864863906,0.783495103,336,5,40,1072
1071,2.852164777,0.812433722,336,0,0,1073
1072,3.14078133,0.346645088,345,3,24,1074
1073,3.137856683,0.357881893,345,0,0,1075
1074,0.759964144,0.764561857,354,3,24,1076
1075,0.758578785,0.7778767,354,0,0,1077
1076,2.909657195,0.717151778,134,1,8,1078
1077,2.909657195,0.717151778,134,0,0,1079
1078,1.329500809,0.406985189,158,7,56,1080
1079,1.32934688,0.407446975,338,0,0,1081
1080,2.44663928,0.324941123,71,26,208,1082
1081,2.596642923,0.244821168,161,0,0,1083
1082,1.753574731,0.412988413,139,3,24,1084
1083,1.76681261,0.397749459,137,0,0,1085
1084,1.837388977,0.379278,155,3,24,1086
1085,1.848625782,0.361730113,134,0,0,1087
1086,1.808989109,0.39236195,85,3,24,1088
1087,1.829307714,0.394055167,85,0,0,1089
1088,2.386222214,0.532822006,266,9,72,1090
1089,2.33488695,0.5295895,266,0,0,1091
1090,1.856476152,0.354033672,314,5,40,1092
1091,1.841160234,0.371042807,314,0,0,1093
1092,2.930129729,0.658735787,75,2,16,1094
1093,2.94444511,0.663584545,61,0,0,1095
1094,1.110998837,1.043865715,58,6,48,1096
1095,1.104225969,1.028164975,152,0,0,1097
1096,1.8081425,0.392284986,265,3,24,1098
1097,1.786438535,0.390514804,265,0,0,1099
1098,0.958609297,1.114442083,283,4,32,1100
1099,0.980467191,1.109285467,103,0,0,1101
1100,1.747725435,0.375429779,135,9,72,1102
1101,1.752574193,0.370504056,315,0,0,1103
1102,2.478117725,0.387974978,204,1,8,1104
1103,2.478117725,0.387974978,204,0,0,1105
1104,2.889184661,0.121601141,306,5,40,1106
1105,2.867172838,0.137763668,306,0,0,1107
1106,1.562010304,0.441080424,157,6,48,1108
1107,1.561471553,0.442465784,337,0,0,1109
1108,1.722712,0.380971217,251,1,8,1110
1109,1.722712,0.380971217,251,0,0,1111
1110,1.750034367,0.389514267,73,1,8,1112
1111,1.750034367,0.389514267,73,0,0,1113
1112,2.712628295,0.647191125,263,10,80,1114
1113,2.593333453,0.640957008,277,0,0,1115
1114,1.660447789,0.470942617,261,5,40,1116
1115,1.633818102,0.467171361,261,0,0,1117
1116,2.046809148,0.509655717,85,9,72,1118
1117,2.100915131,0.513503938,85,0,0,1119
1118,0.693620819,0.833521972,32,7,56,1120
1119,0.740800005,0.883548841,59,0,0,1121
1120,2.900806287,0.113058091,126,1,8,1122
1121,2.900806287,0.113058091,126,0,0,1123
1122,1.386916262,0.414296808,155,4,32,1124
1123,1.400385034,0.384665509,155,0,0,1125
1124,1.386839297,0.414373772,335,2,16,1126
1125,1.386839297,0.414450737,335,0,0,1127
1126,0.788979729,0.623793943,96,3,24,1128
1127,0.807297259,0.618560363,108,0,0,1129
1128,1.381682682,0.369118697,79,1,8,1130
1129,1.381682682,0.369118697,79,0,0,1131
1130,1.437250989,0.377122996,99,23,184,1132
1131,1.37329356,0.357343142,321,0,0,1133
1132,1.343893154,0.424379146,81,1,8,1134
1133,1.343893154,0.424379146,81,0,0,1135
1134,1.295790395,0.416990563,261,5,40,1136
1135,1.250381391,0.410217694,261,0,0,1137
1136,2.846084589,0.092893415,71,3,24,1138
1137,2.866018372,0.09943539,71,0,0,1139
1138,1.062665185,0.748707187,336,5,40,1140
1139,1.05281374,0.785573142,359,0,0,1141
1140,1.190657006,0.621561975,148,13,104,1142
1141,1.277857687,0.526356995,131,0,0,1143
1142,1.276318399,0.527742354,311,13,104,1144
1143,1.186962714,0.6275652,328,0,0,1145
1144,1.250689249,0.506115354,81,1,8,1146
1145,1.250689249,0.506115354,81,0,0,1147
1146,1.284938413,0.511348934,261,4,32,1148
1147,1.246841028,0.505499639,261,0,0,1149
1148,1.179805023,0.539671839,130,4,32,1150
1149,1.202432561,0.520122877,145,0,0,1151
1150,2.846392446,0.406215545,250,4,32,1152
1151,2.82099419,0.397056779,250,0,0,1153
1152,1.234449757,0.453625624,172,3,24,1154
1153,1.238759765,0.430459335,164,0,0,1155
1154,1.20782007,0.453009908,262,21,168,1156
1155,1.001632405,0.439772029,270,0,0,1157
1156,1.171569831,0.500573916,251,14,112,1158
1157,1.01933422,0.481178884,273,0,0,1159
1158,1.006327234,0.482025492,93,14,112,1160
1159,1.180343774,0.503498564,71,0,0,1161
1160,1.195197906,0.526587888,310,2,16,1162
1161,1.185423426,0.534900045,310,0,0,1163
1162,1.018102789,0.526126102,98,11,88,1164
1163,1.154945518,0.540672376,69,0,0,1165
1164,1.142939069,0.53620844,249,12,96,1166
1165,1.013946711,0.526818781,278,0,0,1167
1166,3.321108953,0.286381952,84,2,16,1168
1167,3.321262881,0.286381952,84,0,0,1169
1168,1.538844015,0.550138999,77,3,24,1170
1169,1.561856375,0.554987757,77,0,0,1171
1170,0.857247164,0.601628192,109,1,8,1172
1171,0.857247164,0.601628192,109,0,0,1173
1172,1.144247464,0.574151896,140,4,32,1174
1173,1.170954116,0.547291316,134,0,0,1175
1174,1.622581298,0.472481905,81,4,32,1176
1175,1.653597957,0.47709977,81,0,0,1177
1176,1.208127928,0.511733756,147,1,8,1178
1177,1.208127928,0.511733756,147,0,0,1179
1178,0.065822094,0.335716141,72,2,16,1180
1179,0.096992681,0.345413657,75,0,0,1181
1180,0.658217189,0.414065915,91,11,88,1182
1181,0.81968853,0.405061078,94,0,0,1183
1182,1.125083325,0.702297646,85,8,64,1184
1183,1.171800724,0.64988488,143,0,0,1185
1184,1.084446114,0.65704257,145,3,24,1186
1185,1.097837922,0.637570573,145,0,0,1187
1186,1.158408916,0.559682586,314,2,16,1188
1187,1.151251226,0.566686348,314,0,0,1189
1188,2.321572107,0.528665927,265,3,24,1190
1189,2.288631337,0.526126102,265,0,0,1191
1190,0.982391301,0.483795674,94,1,8,1192
1191,0.982391301,0.483795674,94,0,0,1193
1192,2.974538196,0.445159538,77,8,64,1194
1193,3.047038674,0.452317229,86,0,0,1195
1194,0.986239522,0.469172435,187,2,16,1196
1195,0.984315412,0.453009908,187,0,0,1197
1196,2.316646384,0.447622399,294,4,32,1198
1197,2.303408505,0.458397417,308,0,0,1199
1198,3.035186154,0.575768149,262,14,112,1200
1199,2.923202932,0.567532957,266,0,0,1201
1200,0.977927365,0.412526627,9,3,24,1202
1201,0.981621657,0.433999698,9,0,0,1203
1202,3.134778106,0.323401835,266,12,96,1204
1203,3.035955798,0.319322721,268,0,0,1205
1204,1.530608823,0.5295895,331,4,32,1206
1205,1.522065773,0.545290241,331,0,0,1207
1206,0.852552335,0.484488354,275,3,24,1208
1207,0.82492211,0.486951215,275,0,0,1209
1208,0.880798275,0.474175122,197,4,32,1210
1209,0.860171812,0.407831797,197,0,0,1211
1210,3.28862997,0.553756326,276,6,48,1212
1211,3.223979862,0.561452768,276,0,0,1213
1212,0.976542006,0.692523165,192,9,72,1214
1213,0.918741731,0.595009252,213,0,0,1215
1214,0.912584578,0.490953364,96,3,24,1216
1215,0.938675514,0.488028717,96,0,0,1217
1216,0.893651332,0.591007103,284,1,8,1218
1217,0.893651332,0.591007103,284,0,0,1219
1218,0.903117955,0.792422975,231,37,296,1220
1219,0.828770331,0.783879925,354,0,0,1221
1220,2.417777624,0.372582096,90,3,24,1222
1221,2.453720006,0.372274238,90,0,0,1223
1222,0.854476445,0.602628729,289,1,8,1224
1223,0.854476445,0.602628729,289,0,0,1225
1224,1.612268066,0.655195424,111,25,200,1226
1225,1.599338045,0.562992056,257,0,0,1227
1226,1.120542425,0.604475875,147,3,24,1228
1227,1.136397094,0.583618519,140,0,0,1229
1228,0.838313918,0.608247132,288,6,48,1230
1229,0.766121298,0.626487698,276,0,0,1231
1230,3.069743176,0.503190706,178,2,16,1232
1231,3.070281927,0.473174585,179,0,0,1233
1232,0.973078607,0.535823618,12,4,32,1234
1233,0.982314337,0.577230473,12,0,0,1235
1234,0.809375298,1.033860342,107,56,448,1236
1235,0.812915661,1.032705875,287,0,0,1237
1236,0.978620045,0.560760088,192,4,32,1238
1237,0.974463967,0.541980771,192,0,0,1239
1238,0.988856312,0.593239071,25,9,72,1240
1239,1.060895004,0.653810065,74,0,0,1241
1240,1.068206623,0.678515642,322,2,16,1242
1241,1.0632809,0.684903688,322,0,0,1243
1242,1.057816427,0.692831023,326,3,24,1244
1243,1.003941337,0.713919272,273,0,0,1245
1244,1.077134495,0.718152315,154,2,16,1246
1245,1.083907363,0.706761582,143,0,0,1247
1246,3.430629314,0.013158282,190,2,16,1248
1247,3.430629314,0.013158282,190,0,0,1249
1248,1.222674202,0.486643357,153,3,24,1250
1249,1.232602611,0.462938318,167,0,0,1251
1250,1.072285737,0.728080724,334,2,16,1252
1251,1.066898228,0.739240564,334,0,0,1253
1252,1.10407204,0.628565737,145,3,24,1254
1253,1.115616702,0.611787495,145,0,0,1255
1254,1.050658737,0.798195306,349,7,56,1256
1255,1.049350341,0.808046751,174,0,0,1257
1256,0.976080219,0.794347085,177,7,56,1258
1257,0.978312187,0.733545198,177,0,0,1259
1258,3.074822827,0.45408741,266,1,8,1260
1259,3.074822827,0.45408741,266,0,0,1261
1260,0.980544155,0.427688616,189,2,16,1262
1261,0.977388614,0.40944805,189,0,0,1263
1262,1.721711463,0.45478009,143,2,16,1264
1263,1.735565058,0.435692915,143,0,0,1265
1264,0.728947486,0.790575829,81,3,24,1266
1265,0.756808603,0.794654943,81,0,0,1267
1266,0.978620045,0.723693753,357,10,80,1268
1267,0.97661897,0.779723846,357,0,0,1269
1268,0.962534482,1.053409303,29,4,32,1270
1269,0.985546842,1.094123478,29,0,0,1271
1270,1.00417223,0.713919272,93,2,16,1272
1271,1.028492985,0.712456948,93,0,0,1273
1272,0.703934051,0.816897658,135,4,32,1274
1273,0.707320485,0.802043526,170,0,0,1275
1274,0.761734326,0.747090935,179,34,272,1276
1275,0.68961867,0.785573142,86,0,0,1277
1276,0.744109475,0.885549916,239,7,56,1278
1277,0.695160108,0.835369118,219,0,0,1279
1278,0.761580397,0.891860998,119,8,64,1280
1279,0.80714333,0.865770061,119,0,0,1281
1280,2.23514107,0.523201454,265,18,144,1282
1281,2.015176774,0.507423749,265,0,0,1283
1282,0.779897928,1.00315154,185,6,48,1284
1283,0.77243238,0.962822187,206,0,0,1285
1284,0.7204814,0.956511105,296,1,8,1286
1285,0.7204814,0.956511105,296,0,0,1287
1286,0.770816127,1.074574517,216,9,72,1288
1287,0.766890942,1.069340936,36,0,0,1289
1288,1.055122673,0.771180796,170,2,16,1290
1289,1.058893929,0.758712561,161,0,0,1291
1290,0.93721319,1.033167662,305,14,112,1292
1291,0.850936082,1.067801648,284,0,0,1293
1292,0.985777735,1.0945083,209,5,40,1294
1293,0.962919304,1.054101983,209,0,0,1295
1294,2.512443854,0.834907331,63,7,56,1296
1295,2.577555748,0.866924527,64,0,0,1297
1296,2.906424689,0.823285705,267,4,32,1298
1297,2.864171226,0.817513374,256,0,0,1299
1298,2.924973113,0.323786657,170,1,8,1300
1299,2.924973113,0.323786657,170,0,0,1301
1300,2.526605306,0.711148553,220,7,56,1302
1301,2.500822227,0.652886492,168,0,0,1303
1303,4.606337704,1.201950622,NA,NA,0,1304
